Loan ID,Membership ID,Item ID,Item Name,Checked Out,Checked In,Due Date,Check Out Location,Check In Location,Late Fees to Date,Renewal
2690935,3404,8416,Flooring Shear,1/4/2022 6:28 PM,,1/11/2022,,,$9.50,
2346572,3146,752,Socket 1in,5/11/2021 7:11 PM,,5/18/2021,,,$33.30,
2346573,3146,753,Socket 13/16in,5/11/2021 7:11 PM,,5/18/2021,,,$33.30,
2346574,3146,8030,Socket 3/4in,5/11/2021 7:11 PM,,5/18/2021,,,$33.30,
1980340,2511,396,Circular Saw,6/25/2020 4:03 PM,,8/1/2020,,,$62.30,Renewal
2830653,3435,283,Vacuum Sealer,4/9/2022 10:21 AM,,4/16/2022,,,$0.00,
2830654,3435,8,Dehydrator,4/9/2022 10:21 AM,,4/16/2022,,,$0.00,
2325703,3128,7652,90 Amp MIG Flux Wire Welder,4/27/2021 8:47 PM,,5/4/2021,,,$34.70,
2325708,3128,6869,Band Clamp,4/27/2021 9:00 PM,,5/4/2021,,,$34.70,
2831070,3579,222,"Tape Measure, 10ft",4/9/2022 11:26 AM,,4/16/2022,,,$0.00,Renewal
2502647,3292,8256,20V Max 3.0Ah Battery BATT_X,8/28/2021 11:35 AM,,9/4/2021,,,$22.40,
2502652,3292,7358,"Wrench, Adjustable, Large",8/28/2021 11:35 AM,,9/4/2021,,,$22.40,
2502654,3292,8141,Adjusable Wrench,8/28/2021 11:35 AM,,9/4/2021,,,$22.40,
2502662,3292,5482,Hydraulic Jack,8/28/2021 11:35 AM,,9/4/2021,,,$22.40,
2502659,3292,574,Scissor Jack,8/28/2021 11:35 AM,,9/4/2021,,,$22.40,
2502664,3292,256,Bicycle Trailer,8/28/2021 11:35 AM,,9/4/2021,,,$22.40,
2502648,3292,7628,Bolt Cutter,8/28/2021 11:35 AM,,9/4/2021,,,$22.40,
2502650,3292,6230,"Box Wrench, 1-1/8in, 1-1/2in",8/28/2021 11:35 AM,,9/4/2021,,,$22.40,
2502656,3292,8222,Power Hammer,8/28/2021 11:35 AM,,9/4/2021,,,$22.40,
2502663,3292,8244,Cordless Jigsaw BATT_X,8/28/2021 11:35 AM,,9/4/2021,,,$22.40,
2502646,3292,8245,Cordless Oscillating Multi-Tool BATT_X,8/28/2021 11:35 AM,,9/4/2021,,,$22.40,
2502667,3292,3825,"Crow Bar, Chisel End",8/28/2021 11:35 AM,,9/4/2021,,,$22.40,
2502655,3292,5628,Vice Grip,8/28/2021 11:35 AM,,9/4/2021,,,$22.40,
2502661,3292,7349,Backpack,8/28/2021 11:35 AM,,9/4/2021,,,$22.40,
2502666,3292,4441,Glue Gun,8/28/2021 11:35 AM,,9/4/2021,,,$22.40,
2502671,3292,7929,"Jack Stand, 2 Ton",8/28/2021 11:35 AM,,9/4/2021,,,$22.40,
2502672,3292,7930,"Jack Stand, 2 Ton",8/28/2021 11:35 AM,,9/4/2021,,,$22.40,
2502649,3292,6631,Nail Puller,8/28/2021 11:35 AM,,9/4/2021,,,$22.40,
2502651,3292,6669,End Cutting Nippers,8/28/2021 11:35 AM,,9/4/2021,,,$22.40,
2502658,3292,5928,Needle Nose Pliers,8/28/2021 11:35 AM,,9/4/2021,,,$22.40,
2502668,3292,6803,Handheld Pry Bar,8/28/2021 11:35 AM,,9/4/2021,,,$22.40,
2502653,3292,8281,Quick Grip Clamp,8/28/2021 11:35 AM,,9/4/2021,,,$22.40,
2502645,3292,7721,Toolbox (Empty),8/28/2021 11:35 AM,,9/4/2021,,,$22.40,
2502665,3292,220,Karaoke Machine,8/28/2021 11:35 AM,,9/4/2021,,,$22.40,
2502669,3292,5341,Wire Cutter,8/28/2021 11:35 AM,,9/4/2021,,,$22.40,
2502657,3292,5923,Wire Cutter,8/28/2021 11:35 AM,,9/4/2021,,,$22.40,
2502670,3292,8140,Wire Cutters,8/28/2021 11:35 AM,,9/4/2021,,,$22.40,
2756702,3580,721,Cordless Drill Set,2/23/2022 6:47 PM,,3/2/2022,,,$4.50,
2756701,3580,7308,Drill Bit Set,2/23/2022 6:47 PM,,3/2/2022,,,$4.50,
2167136,147,7556,Sink Auger,11/29/2020 4:31 PM,,12/19/2020,,,$48.30,Renewal
2167137,2082,4627,Belt Sander,11/29/2020 4:31 PM,,12/19/2020,,,$48.30,Renewal
2167138,2082,4632,Caulk Gun,11/29/2020 4:31 PM,,12/19/2020,,,$48.30,Renewal
2167140,2082,277,"Reciprocating Saw, Cordless",11/29/2020 4:31 PM,,12/19/2020,,,$48.30,Renewal
2167141,2082,7490,Drill Bit Kit,11/29/2020 4:31 PM,,12/19/2020,,,$48.30,Renewal
2167143,2082,6476,Extension Cord,11/29/2020 4:31 PM,,12/19/2020,,,$48.30,Renewal
2167142,2082,6895,"Extension Cord, Non-Grounded",11/29/2020 4:31 PM,,12/19/2020,,,$48.30,Renewal
2167145,2082,6460,Jigsaw,11/29/2020 4:31 PM,,12/19/2020,,,$48.30,Renewal
2167144,2082,4288,Laser Level,11/29/2020 4:31 PM,,12/19/2020,,,$48.30,Renewal
2167139,2082,7386,Corded Drill,11/29/2020 4:31 PM,,12/19/2020,,,$48.30,Renewal
2167146,2082,5253,"Shop Vac, Dry Only, 1 Gal",11/29/2020 4:31 PM,,12/19/2020,,,$48.30,Renewal
2787334,3606,7635,Wood Chipper,3/15/2022 6:02 PM,,3/22/2022,,,$2.50,
2304753,3120,4646,Claw Hammer,4/13/2021 6:57 PM,,4/20/2021,,,$36.10,
2304755,3120,7225,Flat Screwdriver,4/13/2021 6:57 PM,,4/20/2021,,,$36.10,
2304754,3120,4919,Phillips Screwdriver,4/13/2021 6:57 PM,,4/20/2021,,,$36.10,
2394584,1218,7633,Chainsaw,6/12/2021 11:08 AM,,6/19/2021,,,$30.10,Renewal
1980358,2319,4634,Bolt Cutters,6/25/2020 4:03 PM,,8/1/2020,,,$62.30,Renewal
2662157,3437,5852,Angle Grinder,12/7/2021 8:13 AM,,12/14/2021,,,$12.30,Renewal
2662158,3437,8020,Goggles,12/7/2021 8:14 AM,,12/14/2021,,,$12.30,Renewal
2662159,3437,7002,Hack Saw,12/7/2021 8:14 AM,,12/14/2021,,,$12.30,Renewal
2662160,3437,4405,Extension Cord,12/7/2021 8:14 AM,,12/14/2021,,,$12.30,Renewal
2167150,2202,7440,"Windows Laptop, Dell",11/29/2020 4:31 PM,,12/19/2020,,,$48.30,Renewal
2836197,3334,637,Sewing Machine,4/12/2022 8:39 PM,,4/19/2022,,,$0.00,
1980360,2390,476,Cordless Drill,6/25/2020 4:03 PM,,8/1/2020,,,$62.30,Renewal
1980361,2390,5128,Jigsaw,6/25/2020 4:03 PM,,8/1/2020,,,$62.30,Renewal
1980362,2390,6855,Battery Charger BATT_X,6/25/2020 4:03 PM,,8/1/2020,,,$62.30,Renewal
2476068,3235,5625,Staple Gun,8/10/2021 5:03 PM,,8/17/2021,,,$24.20,Renewal
2167155,556,5991,Bristle Brush,11/29/2020 4:31 PM,,12/19/2020,,,$48.30,Renewal
2167157,556,7032,Wire Stripper,11/29/2020 4:31 PM,,12/19/2020,,,$48.30,Renewal
2831295,3632,6839,Car Jack,4/9/2022 12:07 PM,,4/16/2022,,,$0.00,
2831297,3632,7969,"Socket Wrench Set, Metric",4/9/2022 12:07 PM,,4/16/2022,,,$0.00,Renewal
2831296,3632,8360,Torque Wrench,4/9/2022 12:07 PM,,4/16/2022,,,$0.00,Renewal
2838440,3632,1493,Edge Clamp,4/13/2022 8:55 PM,,4/20/2022,,,$0.00,
2616169,3406,8249,12V/20V Charger BATT_X,11/6/2021 10:14 AM,,11/13/2021,,,$15.40,
1980367,2595,4624,Crank Remover,6/25/2020 4:03 PM,,8/1/2020,,,$62.30,Renewal
2755020,3449,7475,Channel Lock Pliers,2/22/2022 8:04 PM,,3/1/2022,,,$4.60,
2755021,3449,5059,"Vise Grip, Medium",2/22/2022 8:04 PM,,3/1/2022,,,$4.60,
2834274,3573,6172,Bar Clamp,4/11/2022 8:02 PM,,4/25/2022,,,$0.00,
2834275,3573,6881,Bar Clamp,4/11/2022 8:02 PM,,4/25/2022,,,$0.00,
1980368,2408,3893,Multibit Screwdriver,6/25/2020 4:03 PM,,8/1/2020,,,$62.30,Renewal
2832753,3447,4471,Cordless Drill,4/10/2022 5:13 PM,,4/17/2022,,,$0.00,
2823037,441,6280,Caulk Gun,4/5/2022 6:14 PM,,5/4/2022,,,$0.00,Renewal
2321504,2969,6866,Bar Clamp,4/24/2021 10:38 AM,,5/1/2021,,,$35.00,Renewal
2321505,2969,6865,Bar Clamp,4/24/2021 10:38 AM,,5/1/2021,,,$35.00,Renewal
2321506,2969,7797,Chisel,4/24/2021 10:38 AM,,5/1/2021,,,$35.00,Renewal
2321507,2969,7522,Quick Grip Clamp,4/24/2021 10:38 AM,,5/1/2021,,,$35.00,Renewal
2321509,2969,7792,"Flat Screwdriver, Small",4/24/2021 10:38 AM,,5/1/2021,,,$35.00,Renewal
2321511,2969,4926,Chisel,4/24/2021 10:39 AM,,5/1/2021,,,$35.00,Renewal
2321514,2969,7837,Smoothing Plane,4/24/2021 10:39 AM,,5/1/2021,,,$35.00,Renewal
2321516,2969,5042,Quick Grip Clamp,4/24/2021 10:39 AM,,5/1/2021,,,$35.00,Renewal
2736526,3550,5718,Bike Pump,2/9/2022 8:50 PM,,2/16/2022,,,$5.90,
2576600,1291,5367,Phillips Screwdriver,10/13/2021 8:35 PM,,10/20/2021,,,$17.80,Renewal
2523812,3311,725,20V Battery,9/11/2021 12:19 PM,,9/18/2021,,,$21.00,
2523813,3311,718,Cordless Impact Driver,9/11/2021 12:19 PM,,9/18/2021,,,$21.00,
2523807,3311,7504,Flex Drive,9/11/2021 12:19 PM,,9/18/2021,,,$21.00,
2523809,3311,3726,Feeler Gauge,9/11/2021 12:19 PM,,9/18/2021,,,$21.00,
2523808,3311,5927,"Socket Set, Metric",9/11/2021 12:19 PM,,9/18/2021,,,$21.00,
2523811,3311,7661,Wire Cutters,9/11/2021 12:19 PM,,9/18/2021,,,$21.00,
2787472,805,8103,12V Battery And Charger,3/15/2022 7:44 PM,,3/22/2022,,,$2.50,Renewal
2787471,805,7834,Angle Grinder,3/15/2022 7:44 PM,,3/22/2022,,,$2.50,Renewal
2787470,805,240,Compressor,3/15/2022 7:44 PM,,3/22/2022,,,$2.50,Renewal
2787469,805,719,"Circular Saw & Drill, Cordless",3/15/2022 7:44 PM,,3/22/2022,,,$2.50,Renewal
2787468,805,6888,Cordless Drill,3/15/2022 7:44 PM,,3/22/2022,,,$2.50,Renewal
2807970,805,7897,"Allen Wrench Set, Pocket",3/27/2022 6:15 PM,,4/3/2022,,,$1.30,
1980390,2300,6903,Drill Bit Set,6/25/2020 4:03 PM,,8/1/2020,,,$62.30,Renewal
1980392,2300,6970,Extension Cord,6/25/2020 4:03 PM,,8/1/2020,,,$62.30,Renewal
1980391,2300,7277,"Corded Drill, 3/8in",6/25/2020 4:03 PM,,8/1/2020,,,$62.30,Renewal
2167198,1552,4331,"Corded Drill, 3/8in",11/29/2020 4:31 PM,,12/19/2020,,,$48.30,Renewal
2167197,1552,6461,Power Sander With Vacuum Bag,11/29/2020 4:31 PM,,12/19/2020,,,$48.30,Renewal
2818290,3631,7531,"Cordless Drill Kit, 3/8in",4/2/2022 11:25 AM,,4/9/2022,,,$0.70,
2818291,3631,764,Staple Gun,4/2/2022 11:25 AM,,4/9/2022,,,$0.70,
1980395,2593,7442,Cement Chisel,6/25/2020 4:03 PM,,8/1/2020,,,$62.30,Renewal
1980396,2593,4613,Rubber Mallet,6/25/2020 4:03 PM,,8/1/2020,,,$62.30,Renewal
2838441,1402,7868,Paint Brush,4/13/2022 8:57 PM,,4/20/2022,,,$0.00,Renewal
2838442,1402,8436,Drywall Knife,4/13/2022 8:57 PM,,4/20/2022,,,$0.00,Renewal
2838445,1402,6425,Roberston Screwdriver,4/13/2022 8:57 PM,,4/20/2022,,,$0.00,Renewal
2838443,1402,5626,Paint Roller,4/13/2022 8:57 PM,,4/20/2022,,,$0.00,Renewal
2838444,1402,4655,"Scraper, Multitool",4/13/2022 8:57 PM,,4/20/2022,,,$0.00,Renewal
2167201,2905,7318,"Shop Vac, Wet/Dry, 12 Gal",11/29/2020 4:31 PM,,12/19/2020,,,$48.30,Renewal
2167202,2905,7453,Wire Cutter,11/29/2020 4:31 PM,,12/19/2020,,,$48.30,Renewal
2807927,393,428,File,3/27/2022 4:59 PM,,4/3/2022,,,$1.30,Renewal
2807929,393,8221,Small Grommet Kit,3/27/2022 4:59 PM,,4/3/2022,,,$1.30,
2807926,393,7117,Ice Cream Maker,3/27/2022 4:59 PM,,4/3/2022,,,$1.30,Renewal
2807930,393,8232,Grommet Pliers,3/27/2022 4:59 PM,,4/3/2022,,,$1.30,
2807925,393,738,Coffee Bag,3/27/2022 4:59 PM,,4/3/2022,,,$1.30,Renewal
2446839,3089,3205,"Socket Set, SAE",7/20/2021 7:07 PM,,7/27/2021,,,$26.30,
2446840,3089,776,Rachet,7/20/2021 7:07 PM,,7/27/2021,,,$26.30,
2512989,2546,7953,Hand Impact Driver,9/4/2021 11:22 AM,,9/11/2021,,,$21.70,
2304867,2536,7990,Paintbrush,4/13/2021 8:01 PM,,4/20/2021,,,$36.10,
2304865,2536,5632,Extension Cord,4/13/2021 8:01 PM,,4/20/2021,,,$36.10,
2304866,2536,6379,Paint Roller,4/13/2021 8:01 PM,,4/20/2021,,,$36.10,
2304869,2536,7322,Power Sander,4/13/2021 8:01 PM,,4/20/2021,,,$36.10,
2304868,2536,5376,"Scraper, Multitool",4/13/2021 8:01 PM,,4/20/2021,,,$36.10,
2167217,2912,6366,Paint Tray,11/29/2020 4:31 PM,,12/19/2020,,,$48.30,Renewal
2167220,2912,7437,Paint Tray,11/29/2020 4:31 PM,,12/19/2020,,,$48.30,Renewal
2167215,2912,7547,Grout Sealer Roller Applicator,11/29/2020 4:31 PM,,12/19/2020,,,$48.30,Renewal
2167211,2912,7094,Caulk Spreader,11/29/2020 4:31 PM,,12/19/2020,,,$48.30,Renewal
2167207,2912,7506,Extension Cord,11/29/2020 4:31 PM,,12/19/2020,,,$48.30,Renewal
2167206,2912,703,Extension Cord,11/29/2020 4:31 PM,,12/19/2020,,,$48.30,Renewal
2167209,2912,696,Paint Roller Extension Pole,11/29/2020 4:31 PM,,12/19/2020,,,$48.30,Renewal
2167208,2912,697,Paint Roller Extension Pole,11/29/2020 4:31 PM,,12/19/2020,,,$48.30,Renewal
2167218,2912,83,Flashlight,11/29/2020 4:31 PM,,12/19/2020,,,$48.30,Renewal
2167222,2912,7491,Flashlight,11/29/2020 4:31 PM,,12/19/2020,,,$48.30,Renewal
2167216,2912,6770,Cooler,11/29/2020 4:31 PM,,12/19/2020,,,$48.30,Renewal
2167221,2912,4060,Drywall Knife,11/29/2020 4:31 PM,,12/19/2020,,,$48.30,Renewal
2167219,2912,4069,Notched Trowel,11/29/2020 4:31 PM,,12/19/2020,,,$48.30,Renewal
2167213,2912,6384,Paint Roller,11/29/2020 4:31 PM,,12/19/2020,,,$48.30,Renewal
2167212,2912,580,Paint Roller,11/29/2020 4:31 PM,,12/19/2020,,,$48.30,Renewal
2167214,2912,6458,Putty Knife,11/29/2020 4:31 PM,,12/19/2020,,,$48.30,Renewal
2167210,2912,7119,Taping Knife,11/29/2020 4:31 PM,,12/19/2020,,,$48.30,Renewal
2167223,2912,6995,"Shop Vac, Wet/Dry, 1 Gal",11/29/2020 4:31 PM,,12/19/2020,,,$48.30,Renewal
2167235,2042,7126,Carpet Knife,11/29/2020 4:31 PM,,12/19/2020,,,$48.30,Renewal
2167234,2042,5239,Chisel,11/29/2020 4:31 PM,,12/19/2020,,,$48.30,Renewal
2167225,2042,5249,Mortise Chisel,11/29/2020 4:31 PM,,12/19/2020,,,$48.30,Renewal
2167224,2042,5845,Gouge,11/29/2020 4:31 PM,,12/19/2020,,,$48.30,Renewal
2167231,2042,585,Chisel,11/29/2020 4:31 PM,,12/19/2020,,,$48.30,Renewal
2167232,2042,5757,Whetstone,11/29/2020 4:31 PM,,12/19/2020,,,$48.30,Renewal
2167226,2042,611,Sharpening Stone,11/29/2020 4:31 PM,,12/19/2020,,,$48.30,Renewal
2167228,2042,612,Sharpening Stone,11/29/2020 4:31 PM,,12/19/2020,,,$48.30,Renewal
2167227,2042,613,Sharpening Stone,11/29/2020 4:31 PM,,12/19/2020,,,$48.30,Renewal
2167229,2042,614,Stone,11/29/2020 4:31 PM,,12/19/2020,,,$48.30,Renewal
2167233,2042,4032,Plane,11/29/2020 4:31 PM,,12/19/2020,,,$48.30,Renewal
2167236,2042,6635,Hook Knife,11/29/2020 4:31 PM,,12/19/2020,,,$48.30,Renewal
2167230,2042,6774,Draw Knife,11/29/2020 4:31 PM,,12/19/2020,,,$48.30,Renewal
2842203,3643,6702,Caulk Gun,4/16/2022 1:12 AM,,4/23/2022,,,$0.00,Renewal
2842204,3643,7473,Tapping Block,4/16/2022 1:12 AM,,4/23/2022,,,$0.00,Renewal
2842205,3643,7020,Jigsaw,4/16/2022 1:13 AM,,4/23/2022,,,$0.00,Renewal
2842206,3643,7520,Pry Bar,4/16/2022 1:13 AM,,4/23/2022,,,$0.00,Renewal
2842207,3643,218,Pry Bar,4/16/2022 1:13 AM,,4/23/2022,,,$0.00,Renewal
2842208,3643,365,T-square,4/16/2022 1:13 AM,,4/23/2022,,,$0.00,Renewal
2842209,3643,5729,Speed Square,4/16/2022 1:13 AM,,4/23/2022,,,$0.00,Renewal
2842210,3643,3743,Circular Saw,4/16/2022 1:13 AM,,4/23/2022,,,$0.00,Renewal
2842212,3643,4811,Level,4/16/2022 1:14 AM,,4/23/2022,,,$0.00,Renewal
2842213,3643,8768,gloves,4/16/2022 1:14 AM,,4/23/2022,,,$0.00,Renewal
2842214,3643,305,Nail Gun,4/16/2022 1:14 AM,,4/23/2022,,,$0.00,Renewal
2842215,3643,7598,Air Compressor,4/16/2022 1:14 AM,,4/23/2022,,,$0.00,Renewal
2836186,3374,7700,Serger,4/12/2022 8:03 PM,,4/19/2022,,,$0.00,
2823090,3544,6374,Paintbrush,4/5/2022 6:51 PM,,4/12/2022,,,$0.40,
2823089,3544,7863,Paint Brush,4/5/2022 6:51 PM,,4/12/2022,,,$0.40,
2823088,3544,8365,Drop Cloth,4/5/2022 6:51 PM,,4/12/2022,,,$0.40,
2835389,1345,8198,Random Orbit Sander,4/12/2022 12:07 PM,,4/20/2022,,,$0.00,Renewal
2735119,3549,8255,20V/60V Max 9.0Ah BATT_X,2/8/2022 9:01 PM,,2/15/2022,,,$6.00,
2735122,3549,8246,Cordless Wet/Dry Vacuum BATT_X,2/8/2022 9:01 PM,,2/15/2022,,,$6.00,
2735121,3549,7872,"Li-ion Battery Charger, 1A",2/8/2022 9:01 PM,,2/15/2022,,,$6.00,
2735117,3549,6857,Battery Charger BATT_C 9.6-18V,2/8/2022 9:01 PM,,2/15/2022,,,$6.00,
2735114,3549,6812,Tent,2/8/2022 9:01 PM,,2/15/2022,,,$6.00,
2736519,3549,7668,Bow Saw,2/9/2022 8:47 PM,,2/16/2022,,,$5.90,
2736521,3549,7417,Claw Hammer,2/9/2022 8:47 PM,,2/16/2022,,,$5.90,
2736518,3549,322,Machete,2/9/2022 8:47 PM,,2/16/2022,,,$5.90,
2736520,3549,4433,Wedge,2/9/2022 8:47 PM,,2/16/2022,,,$5.90,
2736522,3549,7685,Windows Laptop (LAB3) With Charger,2/9/2022 8:47 PM,,2/16/2022,,,$5.90,
2742070,3549,5273,Lantern,2/13/2022 7:13 PM,,2/20/2022,,,$5.50,
2742069,3549,7976,File,2/13/2022 7:13 PM,,2/20/2022,,,$5.50,
2742068,3549,8395,Manual Bench Grinder,2/13/2022 7:13 PM,,2/20/2022,,,$5.50,
2742067,3549,6053,Floor Pump,2/13/2022 7:13 PM,,2/20/2022,,,$5.50,
2742071,3549,7433,Grabber,2/13/2022 7:14 PM,,2/20/2022,,,$5.50,
2524938,2115,7186,Oscillating Multitool,9/12/2021 5:29 PM,,9/19/2021,,,$20.90,
2524969,2115,8238,Hole Saw Kit,9/12/2021 6:52 PM,,9/19/2021,,,$20.90,
2524970,2115,5498,Tile Nippers,9/12/2021 6:52 PM,,9/19/2021,,,$20.90,
2831804,3633,7421,Extension Cord,4/9/2022 8:02 PM,,4/17/2022,,,$0.00,Renewal
2831805,3633,5411,Rake,4/9/2022 8:02 PM,,4/17/2022,,,$0.00,Renewal
2831806,3633,8297,Pressure Washer,4/9/2022 8:02 PM,,4/17/2022,,,$0.00,Renewal
2831807,3633,4778,"Manual Lawn Edger, Rotary",4/9/2022 8:02 PM,,4/17/2022,,,$0.00,Renewal
2812843,2191,4686,Dremel Set,3/30/2022 5:07 PM,,4/6/2022,,,$1.00,Renewal
2812842,2191,694,Dremel Bits,3/30/2022 5:07 PM,,4/6/2022,,,$1.00,Renewal
2812841,2191,6489,Brad Nailer,3/30/2022 5:07 PM,,4/6/2022,,,$1.00,Renewal
2812844,2191,5759,Pocket Hole Jig,3/30/2022 5:07 PM,,4/6/2022,,,$1.00,Renewal
2812840,2191,512,Bench Mount Vise,3/30/2022 5:07 PM,,4/6/2022,,,$1.00,Renewal
2563016,3255,749,Breaker Bar,10/5/2021 7:28 PM,,10/12/2021,,,$18.60,
2563014,3255,5422,Steel Tube Bender,10/5/2021 7:28 PM,,10/12/2021,,,$18.60,
2563015,3255,8317,Socket,10/5/2021 7:28 PM,,10/12/2021,,,$18.60,
2167262,2989,4520,Battery Charger,11/29/2020 4:32 PM,,12/19/2020,,,$48.30,Renewal
2167257,2989,7009,Claw Hammer,11/29/2020 4:32 PM,,12/19/2020,,,$48.30,Renewal
2167256,2989,7413,Cordless Drill With Jigsaw,11/29/2020 4:32 PM,,12/19/2020,,,$48.30,Renewal
2167258,2989,7761,Jigsaw,11/29/2020 4:32 PM,,12/19/2020,,,$48.30,Renewal
2167259,2989,7100,Corner Level,11/29/2020 4:32 PM,,12/19/2020,,,$48.30,Renewal
2167260,2989,7745,Level,11/29/2020 4:32 PM,,12/19/2020,,,$48.30,Renewal
2167261,2989,7262,Socket Set,11/29/2020 4:32 PM,,12/19/2020,,,$48.30,Renewal
2806201,176,8754,caulk gun,3/26/2022 11:27 AM,,4/2/2022,,,$1.40,
2806202,176,7622,"Remington 14"" 8 Amp Limb 'N Trim Electric Chainsaw",3/26/2022 11:27 AM,,4/2/2022,,,$1.40,
2806199,176,7378,Hand Saw,3/26/2022 11:27 AM,,4/2/2022,,,$1.40,
2806200,176,8153,"Hand Saw, Narrow",3/26/2022 11:27 AM,,4/2/2022,,,$1.40,
2838402,3652,5110,Auger,4/13/2022 7:07 PM,,4/20/2022,,,$0.00,
2838403,3652,8771,Aerator,4/13/2022 7:10 PM,,4/20/2022,,,$0.00,
2721945,3533,4093,Circular Saw,1/29/2022 11:57 AM,,2/5/2022,,,$7.00,
2721946,3533,6486,"Saw Horse, Folding",1/29/2022 11:57 AM,,2/5/2022,,,$7.00,
2721947,3533,6487,"Saw Horse, Folding",1/29/2022 11:57 AM,,2/5/2022,,,$7.00,
2281383,3086,4934,Corded Drill,3/27/2021 10:14 AM,,4/3/2021,,,$37.80,
1980433,1982,5789,Dado Blade Set,6/25/2020 4:03 PM,,8/1/2020,,,$62.30,Renewal
1980430,1982,593,Lathe,6/25/2020 4:03 PM,,8/1/2020,,,$62.30,Renewal
1980431,1982,6878,Molding Blades Set,6/25/2020 4:03 PM,,8/1/2020,,,$62.30,Renewal
1980432,1982,594,Fence System,6/25/2020 4:03 PM,,8/1/2020,,,$62.30,Renewal
1980436,2283,6906,Drill Bit Set,6/25/2020 4:03 PM,,8/1/2020,,,$62.30,Renewal
1980437,2283,7369,"Drill Bits, Glass",6/25/2020 4:03 PM,,8/1/2020,,,$62.30,Renewal
1980438,2283,6870,Corded Drill,6/25/2020 4:03 PM,,8/1/2020,,,$62.30,Renewal
2167267,2736,7656,Dremel Tool,11/29/2020 4:32 PM,,12/19/2020,,,$48.30,Renewal
2167271,2736,4512,Lineman Pliers,11/29/2020 4:32 PM,,12/19/2020,,,$48.30,Renewal
2167272,2736,6145,Pliers,11/29/2020 4:32 PM,,12/19/2020,,,$48.30,Renewal
2167270,2736,6110,Tubing Bender,11/29/2020 4:32 PM,,12/19/2020,,,$48.30,Renewal
2167269,2736,4673,Quick Grip Clamp,11/29/2020 4:32 PM,,12/19/2020,,,$48.30,Renewal
2167264,2736,5143,Quick Grip Clamp,11/29/2020 4:32 PM,,12/19/2020,,,$48.30,Renewal
2167266,2736,5156,Quick Grip Clamp,11/29/2020 4:32 PM,,12/19/2020,,,$48.30,Renewal
2167265,2736,5620,Quick Grip Clamp,11/29/2020 4:32 PM,,12/19/2020,,,$48.30,Renewal
2167263,2736,6115,Quick Grip Clamp,11/29/2020 4:32 PM,,12/19/2020,,,$48.30,Renewal
2167268,2736,7526,Quick Grip Clamp,11/29/2020 4:32 PM,,12/19/2020,,,$48.30,Renewal
2167273,2736,638,Router,11/29/2020 4:32 PM,,12/19/2020,,,$48.30,Renewal
2830806,3427,608,Heat Gun,4/9/2022 10:44 AM,,4/16/2022,,,$0.00,
2167274,1309,6509,Router Bit Set,11/29/2020 4:32 PM,,12/19/2020,,,$48.30,Renewal
2167275,1309,6800,Shears,11/29/2020 4:32 PM,,12/19/2020,,,$48.30,Renewal
2167276,1309,7341,Bypass Pruner,11/29/2020 4:32 PM,,12/19/2020,,,$48.30,Renewal
2167277,1309,6932,Tin Snips,11/29/2020 4:32 PM,,12/19/2020,,,$48.30,Renewal
2167278,635,7158,"Combination Wrench, 10mm",11/29/2020 4:32 PM,,12/19/2020,,,$48.30,Renewal
2167279,635,4960,Multimeter,11/29/2020 4:32 PM,,12/19/2020,,,$48.30,Renewal
2167280,635,7140,Socket Wrench,11/29/2020 4:32 PM,,12/19/2020,,,$48.30,Renewal
2817939,2980,5082,Belt Sander,4/2/2022 10:28 AM,,4/9/2022,,,$0.70,Renewal
2817940,2980,4751,Miter Saw,4/2/2022 10:28 AM,,4/9/2022,,,$0.70,
2817938,2980,7874,Drill Press,4/2/2022 10:28 AM,,4/9/2022,,,$0.70,Renewal
2817941,2980,6893,Extension Cord,4/2/2022 10:28 AM,,4/9/2022,,,$0.70,Renewal
2817942,2980,8065,Extension Cord,4/2/2022 10:28 AM,,4/9/2022,,,$0.70,Renewal
2817943,2980,5481,File,4/2/2022 10:28 AM,,4/9/2022,,,$0.70,Renewal
2817944,2980,8111,File,4/2/2022 10:28 AM,,4/9/2022,,,$0.70,Renewal
2817937,2980,7251,Hack Saw,4/2/2022 10:28 AM,,4/9/2022,,,$0.70,Renewal
2817936,2980,5226,"Hand Truck, Convertible",4/2/2022 10:28 AM,,4/9/2022,,,$0.70,Renewal
2817945,2980,4159,"Open End Wrench, 3/4in, 7/8in",4/2/2022 10:28 AM,,4/9/2022,,,$0.70,Renewal
2817946,2980,4176,"Open End Wrench, 3/4in, 7/8in",4/2/2022 10:28 AM,,4/9/2022,,,$0.70,Renewal
2817935,2980,4872,Flex Shaft,4/2/2022 10:28 AM,,4/9/2022,,,$0.70,Renewal
2817934,2980,606,Work Gloves,4/2/2022 10:28 AM,,4/9/2022,,,$0.70,Renewal
2833136,51,6828,Car Battery Charger,4/11/2022 8:16 AM,,5/7/2022,,,$0.00,Renewal
2833137,51,8331,"Bungee Cord, 36in",4/11/2022 8:16 AM,,5/7/2022,,,$0.00,Renewal
2836029,51,8355,Dehydrator,4/12/2022 6:29 PM,,4/27/2022,,,$0.00,
2836034,51,8739,Storage bin,4/12/2022 6:37 PM,,4/19/2022,,,$0.00,
2167281,1121,602,Paint Tray,11/29/2020 4:32 PM,,12/19/2020,,,$48.30,Renewal
2167286,1121,4402,Small Paint Pail,11/29/2020 4:32 PM,,12/19/2020,,,$48.30,Renewal
2167282,1121,7390,"Miter Box, With Saw",11/29/2020 4:32 PM,,12/19/2020,,,$48.30,Renewal
2167284,1121,6990,Paint Roller,11/29/2020 4:32 PM,,12/19/2020,,,$48.30,Renewal
2167283,1121,5627,"Paint Roller, Small",11/29/2020 4:32 PM,,12/19/2020,,,$48.30,Renewal
2167285,1121,5439,Channel Lock Pliers,11/29/2020 4:32 PM,,12/19/2020,,,$48.30,Renewal
2825000,3641,6490,"Hand Truck, Convertible",4/6/2022 7:18 PM,,4/13/2022,,,$0.30,
2824999,3641,8323,Ratchet Strap,4/6/2022 7:18 PM,,4/13/2022,,,$0.30,
2273058,2107,5259,Bar Clamp,3/20/2021 11:10 AM,,3/27/2021,,,$38.50,Renewal
2273060,2107,7984,Knee Pad,3/20/2021 11:10 AM,,3/27/2021,,,$38.50,Renewal
2273061,2107,7985,Knee Pad,3/20/2021 11:10 AM,,3/27/2021,,,$38.50,Renewal
2273059,2107,221,Chest Waders,3/20/2021 11:10 AM,,3/27/2021,,,$38.50,Renewal
2732315,3508,4059,Drywall Knife,2/6/2022 8:13 PM,,2/13/2022,,,$6.20,Renewal
2732314,3508,8413,Paint Mixer Drill Bit,2/6/2022 8:13 PM,,2/13/2022,,,$6.20,Renewal
2732313,3508,7405,"Sledgehammer, Small",2/6/2022 8:13 PM,,2/13/2022,,,$6.20,Renewal
2167296,586,7259,Extension Cord,11/29/2020 4:32 PM,,12/19/2020,,,$48.30,Renewal
2167297,586,494,Power Strip,11/29/2020 4:32 PM,,12/19/2020,,,$48.30,Renewal
2167301,586,7444,Ace Power Strip,11/29/2020 4:32 PM,,12/19/2020,,,$48.30,Renewal
2838369,3651,6769,Cooler,4/13/2022 6:53 PM,,4/20/2022,,,$0.00,
2838367,3651,6814,Sleeping Pad,4/13/2022 6:53 PM,,4/20/2022,,,$0.00,
2838370,3651,7605,Tarp,4/13/2022 6:53 PM,,4/20/2022,,,$0.00,
2838368,3651,6453,Tent,4/13/2022 6:53 PM,,4/20/2022,,,$0.00,
1980481,2278,441,Bucket,6/25/2020 4:04 PM,,8/1/2020,,,$62.30,Renewal
2833904,3639,8197,Profile Sander Kit,4/11/2022 2:23 PM,,4/20/2022,,,$0.00,Renewal
2833905,3639,6224,"Nail Gun, Pneumatic",4/11/2022 2:23 PM,,4/20/2022,,,$0.00,Renewal
2833906,3639,8038,Stud Finder,4/11/2022 2:23 PM,,4/20/2022,,,$0.00,Renewal
2833907,3639,5448,Level,4/11/2022 2:24 PM,,4/20/2022,,,$0.00,Renewal
2276288,3085,4354,Car Jack,3/23/2021 7:25 PM,,3/30/2021,,,$38.20,
2276291,3085,7274,Mechanics Creep,3/23/2021 7:25 PM,,3/30/2021,,,$38.20,
2276289,3085,7461,Extension Cord,3/23/2021 7:25 PM,,3/30/2021,,,$38.20,
2276293,3085,7927,"Jack Stand, 6 Ton",3/23/2021 7:25 PM,,3/30/2021,,,$38.20,
2276294,3085,7928,"Jack Stand, 6 Ton",3/23/2021 7:25 PM,,3/30/2021,,,$38.20,
2276292,3085,6802,Torque Wrench,3/23/2021 7:25 PM,,3/30/2021,,,$38.20,
2276290,3085,6711,Work Light,3/23/2021 7:25 PM,,3/30/2021,,,$38.20,
2209295,3038,5565,Shopvac Sander,1/16/2021 10:23 AM,,1/23/2021,,,$44.80,
1980491,2228,7036,Allen Wrench Set,6/25/2020 4:04 PM,,8/1/2020,,,$62.30,Renewal
1980490,2228,4965,Multimeter,6/25/2020 4:04 PM,,8/1/2020,,,$62.30,Renewal
2685002,3203,6469,File,12/26/2021 4:35 PM,,1/2/2022,,,$10.40,Renewal
2685003,3203,8109,File,12/26/2021 4:35 PM,,1/2/2022,,,$10.40,Renewal
2446736,3221,7484,Level,7/20/2021 6:09 PM,,7/24/2021,,,$26.60,Renewal
2446737,3221,7762,Quick Grip Clamp,7/20/2021 6:09 PM,,7/24/2021,,,$26.60,Renewal
1980492,2583,600,Paint Sprayer,6/25/2020 4:04 PM,,8/1/2020,,,$62.30,Renewal
1980493,2583,5774,Ladder,6/25/2020 4:04 PM,,8/1/2020,,,$62.30,Renewal
2167308,2227,7657,Circular Saw,11/29/2020 4:32 PM,,12/19/2020,,,$48.30,Renewal
1980496,2374,5183,Hedge Trimmer,6/25/2020 4:04 PM,,8/1/2020,,,$62.30,Renewal
1980497,2374,6842,Extension Cord,6/25/2020 4:04 PM,,8/1/2020,,,$62.30,Renewal
1980498,2374,610,Extension Cord,6/25/2020 4:04 PM,,8/1/2020,,,$62.30,Renewal
1980499,2374,5390,Extendable Lopper,6/25/2020 4:04 PM,,8/1/2020,,,$62.30,Renewal
1980500,2374,609,Safety Glasses,6/25/2020 4:04 PM,,8/1/2020,,,$62.30,Renewal
2264104,3070,6506,Circular Saw,3/13/2021 9:17 AM,,3/20/2021,,,$39.20,
2832791,2205,3849,"Notched Trowel, Small",4/10/2022 6:06 PM,,4/24/2022,,,$0.00,Renewal
2832792,2205,4854,"Notched Trowel, Small",4/10/2022 6:06 PM,,4/24/2022,,,$0.00,Renewal
2832789,2205,5330,Notched Trowel,4/10/2022 6:06 PM,,4/24/2022,,,$0.00,Renewal
2832790,2205,6943,Tile Saw,4/10/2022 6:06 PM,,4/24/2022,,,$0.00,Renewal
2832704,3646,7081,Cordless Drill + Sawzall + Light Kit,4/10/2022 4:41 PM,,4/24/2022,,,$0.00,
2832705,3646,112,"Paint Roller, Small",4/10/2022 4:41 PM,,4/24/2022,,,$0.00,
2167318,1551,656,Cordless Drill,11/29/2020 4:32 PM,,12/19/2020,,,$48.30,Renewal
2487698,3273,6816,Car Roof Bag,8/18/2021 6:26 PM,,8/25/2021,,,$23.40,
2574629,337,7910,Extension Cord,10/12/2021 8:59 PM,,10/19/2021,,,$17.90,
2574628,337,5395,"Corded Drill, 3/8in",10/12/2021 8:59 PM,,10/19/2021,,,$17.90,
1980507,2470,6084,C-clamp,6/25/2020 4:04 PM,,8/1/2020,,,$62.30,Renewal
1980506,2470,7053,C-clamp,6/25/2020 4:04 PM,,8/1/2020,,,$62.30,Renewal
1980508,2470,6482,Drill Bit Set,6/25/2020 4:04 PM,,8/1/2020,,,$62.30,Renewal
1980509,2470,3751,Corded Drill,6/25/2020 4:04 PM,,8/1/2020,,,$62.30,Renewal
1980511,2338,7338,Bolt Cutters,6/25/2020 4:04 PM,,8/1/2020,,,$62.30,Renewal
1980516,2338,5577,Brick Trowel,6/25/2020 4:04 PM,,8/1/2020,,,$62.30,Renewal
1980515,2338,4016,Bypass Pruner,6/25/2020 4:04 PM,,8/1/2020,,,$62.30,Renewal
1980510,2338,7428,Level,6/25/2020 4:04 PM,,8/1/2020,,,$62.30,Renewal
1980512,2338,5405,Pruning Shears,6/25/2020 4:04 PM,,8/1/2020,,,$62.30,Renewal
1980513,2338,5605,Spade,6/25/2020 4:04 PM,,8/1/2020,,,$62.30,Renewal
1980514,2338,7593,Stud Finder,6/25/2020 4:04 PM,,8/1/2020,,,$62.30,Renewal
2167319,1675,6771,"Shop Vac, Dry Only",11/29/2020 4:32 PM,,12/19/2020,,,$48.30,Renewal
2731009,3547,7275,Jack Stands,2/5/2022 11:17 AM,,2/12/2022,,,$6.30,
2731008,3547,5652,"Socket Wrench Set, Metric",2/5/2022 11:17 AM,,2/12/2022,,,$6.30,
2731007,3547,8283,Breaker Bar,2/5/2022 11:17 AM,,2/12/2022,,,$6.30,
2167321,1659,6175,Bar Clamp,11/29/2020 4:32 PM,,12/19/2020,,,$48.30,Renewal
2167322,1659,6179,Bar Clamp,11/29/2020 4:32 PM,,12/19/2020,,,$48.30,Renewal
2167320,1659,6798,Bar Clamp,11/29/2020 4:32 PM,,12/19/2020,,,$48.30,Renewal
2776330,3597,8366,Drill Bit Set,3/8/2022 8:54 PM,,3/15/2022,,,$3.20,
2776331,3597,8204,"Corded Drill, 1/2in",3/8/2022 8:54 PM,,3/15/2022,,,$3.20,
2167323,2190,7381,Power Sander,11/29/2020 4:32 PM,,12/19/2020,,,$48.30,Renewal
2832801,1040,7701,Lopper,4/10/2022 6:29 PM,,5/1/2022,,,$0.00,
2832802,1040,8134,Lopper,4/10/2022 6:29 PM,,5/1/2022,,,$0.00,
2832800,1040,8299,"Shop Vac, Wet/Dry, 9 Gal",4/10/2022 6:29 PM,,5/1/2022,,,$0.00,
2722989,3491,8404,"Corded Drill, 3/8in",1/30/2022 5:16 PM,,2/6/2022,,,$6.90,Renewal
2722988,3491,5608,"Reciprocating Saw, Large Blade",1/30/2022 5:16 PM,,2/6/2022,,,$6.90,Renewal
2831140,3010,757,Pulaski Axe,4/9/2022 11:40 AM,,4/16/2022,,,$0.00,
2831139,3010,8379,Hedge Trimmer,4/9/2022 11:40 AM,,4/16/2022,,,$0.00,
2831138,3010,7571,Pressure Washer,4/9/2022 11:40 AM,,4/16/2022,,,$0.00,
2466020,1782,6611,Hex Drive Extender,8/3/2021 8:00 PM,,8/10/2021,,,$24.90,
2747065,3539,720,Cordless Drill And Impact Set,2/17/2022 10:38 AM,,2/24/2022,,,$5.10,Renewal
2747064,3539,8723,Drill Bit Set,2/17/2022 10:38 AM,,2/24/2022,,,$5.10,Renewal
2747063,3539,7483,Level,2/17/2022 10:38 AM,,2/24/2022,,,$5.10,Renewal
2747062,3539,7086,Stud Finder (Mini),2/17/2022 10:38 AM,,2/24/2022,,,$5.10,Renewal
2843085,3444,8032,Power Sander,4/16/2022 9:19 AM,,4/23/2022,,,$0.00,Renewal
2843086,3444,8762,Shears,4/16/2022 9:20 AM,,4/23/2022,,,$0.00,Renewal
2787451,3101,5656,Axe,3/15/2022 7:36 PM,,3/22/2022,,,$2.50,Renewal
2787446,3101,730,Axe,3/15/2022 7:36 PM,,3/22/2022,,,$2.50,
2787447,3101,7263,Backpack,3/15/2022 7:36 PM,,3/22/2022,,,$2.50,Renewal
2787450,3101,4745,Axe,3/15/2022 7:36 PM,,3/22/2022,,,$2.50,Renewal
2787449,3101,7689,"Round Shovel, Small",3/15/2022 7:36 PM,,3/22/2022,,,$2.50,Renewal
2787448,3101,4710,Camping Stove,3/15/2022 7:36 PM,,3/22/2022,,,$2.50,Renewal
2705632,2814,7479,Stud Finder,1/16/2022 6:34 PM,,1/23/2022,,,$8.30,
1980565,2320,5518,Surge Protector,6/25/2020 4:04 PM,,8/1/2020,,,$62.30,Renewal
1980566,2320,255,Telescope,6/25/2020 4:04 PM,,8/1/2020,,,$62.30,Renewal
2418122,3202,7534,Staple Gun,6/29/2021 7:29 PM,,7/6/2021,,,$28.40,Renewal
2167349,3018,7683,Windows Laptop (LAB1) With Charger,11/29/2020 4:33 PM,,12/19/2020,,,$48.30,Renewal
2830256,3467,8208,18V Battery,4/9/2022 9:17 AM,,4/16/2022,,,$0.00,Renewal
2830255,3467,4367,Brick Trowel,4/9/2022 9:17 AM,,4/16/2022,,,$0.00,Renewal
2830254,3467,7717,Dewalt Battery Charger,4/9/2022 9:17 AM,,4/16/2022,,,$0.00,Renewal
2830253,3467,619,Tortilla Press,4/9/2022 9:17 AM,,4/16/2022,,,$0.00,Renewal
2830252,3467,8207,"Cordless Drill, 1/2in",4/9/2022 9:17 AM,,4/16/2022,,,$0.00,Renewal
2830251,3467,7645,Laser Measure,4/9/2022 9:17 AM,,4/16/2022,,,$0.00,Renewal
2830250,3467,69,Bit Set,4/9/2022 9:17 AM,,4/16/2022,,,$0.00,Renewal
2830248,3467,94,Moving Blanket,4/9/2022 9:17 AM,,4/16/2022,,,$0.00,Renewal
2830257,3467,8037,Stud Finder,4/9/2022 9:17 AM,,4/16/2022,,,$0.00,Renewal
2830258,3467,8160,Stud Finder,4/9/2022 9:17 AM,,4/16/2022,,,$0.00,Renewal
2574626,3335,4549,"Socket Wrench, Multi Faced",10/12/2021 8:37 PM,,10/19/2021,,,$17.90,Renewal
2810876,3623,5107,Hanging Work/Shop Light,3/29/2022 8:40 PM,,4/5/2022,,,$1.10,
2810877,3623,8740,"Shop Vac, Wet/Dry, 2.5 Gal",3/29/2022 8:40 PM,,4/5/2022,,,$1.10,
2836195,3578,759,Hand Hoe,4/12/2022 8:27 PM,,4/19/2022,,,$0.00,Renewal
2836194,3578,454,Bulb Planter,4/12/2022 8:27 PM,,4/19/2022,,,$0.00,Renewal
2167350,1369,7309,Sewing Machine,11/29/2020 4:33 PM,,12/19/2020,,,$48.30,Renewal
2167351,2641,7131,Hack Saw,11/29/2020 4:33 PM,,12/19/2020,,,$48.30,Renewal
2167352,2641,5228,Miter Box,11/29/2020 4:33 PM,,12/19/2020,,,$48.30,Renewal
2167355,1091,3923,Claw Hammer,11/29/2020 4:33 PM,,12/19/2020,,,$48.30,Renewal
2167354,1091,6915,Hack Saw,11/29/2020 4:33 PM,,12/19/2020,,,$48.30,Renewal
2167357,1091,4544,Corner Level,11/29/2020 4:33 PM,,12/19/2020,,,$48.30,Renewal
2167356,1091,7128,Nail Puller,11/29/2020 4:33 PM,,12/19/2020,,,$48.30,Renewal
2167353,1091,4656,Pry Bar,11/29/2020 4:33 PM,,12/19/2020,,,$48.30,Renewal
2167358,1091,7602,Hand Saw,11/29/2020 4:33 PM,,12/19/2020,,,$48.30,Renewal
2167359,1091,7630,Wire Cutters,11/29/2020 4:33 PM,,12/19/2020,,,$48.30,Renewal
2832728,2170,5548,Garden Rake,4/10/2022 4:49 PM,,5/1/2022,,,$0.00,
2832727,2170,3951,Mattock,4/10/2022 4:49 PM,,5/1/2022,,,$0.00,
2496594,3034,627,Multimaster Quickstart,8/24/2021 8:10 PM,,8/31/2021,,,$22.80,
2496593,3034,7028,Shoulder Dolly,8/24/2021 8:10 PM,,8/31/2021,,,$22.80,
2496591,3034,6887,Profile Sander Kit,8/24/2021 8:10 PM,,8/31/2021,,,$22.80,
2496592,3034,657,Variable Speed Paint Remover,8/24/2021 8:10 PM,,8/31/2021,,,$22.80,
2496595,3034,7958,Disc Brush,8/24/2021 8:10 PM,,8/31/2021,,,$22.80,
2496596,3034,7959,Disc Brush,8/24/2021 8:10 PM,,8/31/2021,,,$22.80,
2496590,3034,5867,"Scraper, Long Handle",8/24/2021 8:10 PM,,8/31/2021,,,$22.80,
2167368,2164,7624,Candy Thermometer,11/29/2020 4:33 PM,,12/19/2020,,,$48.30,Renewal
2167363,2164,7375,Hand Truck,11/29/2020 4:33 PM,,12/19/2020,,,$48.30,Renewal
2167367,2164,275,Table,11/29/2020 4:33 PM,,12/19/2020,,,$48.30,Renewal
2167365,2164,7523,Staple Gun,11/29/2020 4:33 PM,,12/19/2020,,,$48.30,Renewal
2167364,2164,5825,Poster Stapler,11/29/2020 4:33 PM,,12/19/2020,,,$48.30,Renewal
2167366,2164,6514,Poster Stapler,11/29/2020 4:33 PM,,12/19/2020,,,$48.30,Renewal
2472418,3261,4014,Shears,8/7/2021 11:43 AM,,8/14/2021,,,$24.50,
2472419,3261,8135,Planters Shovel,8/7/2021 11:43 AM,,8/14/2021,,,$24.50,
2472417,3261,5542,Round Pointed Shovel,8/7/2021 11:43 AM,,8/14/2021,,,$24.50,
2472420,3261,7271,Sewing Machine,8/7/2021 11:43 AM,,8/14/2021,,,$24.50,
2832807,2698,5290,Caulk Gun,4/10/2022 6:49 PM,,4/24/2022,,,$0.00,
2832806,2698,778,Wire Brush,4/10/2022 6:49 PM,,4/24/2022,,,$0.00,
2832804,2698,7172,Taping Knife,4/10/2022 6:49 PM,,4/24/2022,,,$0.00,
2832805,2698,7316,Box Cutter,4/10/2022 6:49 PM,,4/24/2022,,,$0.00,
2167382,2699,3823,Corded Drill,11/29/2020 4:33 PM,,12/19/2020,,,$48.30,Renewal
2167383,2699,7379,Power Sander,11/29/2020 4:33 PM,,12/19/2020,,,$48.30,Renewal
2832803,3647,8193,Reciprocating Saw,4/10/2022 6:38 PM,,4/17/2022,,,$0.00,
2709233,3515,6468,File,1/19/2022 8:54 PM,,1/26/2022,,,$8.00,
2709234,3515,7974,File,1/19/2022 8:54 PM,,1/26/2022,,,$8.00,
2638689,3425,4678,Auger,11/20/2021 9:15 AM,,11/27/2021,,,$14.00,
2825005,2804,8758,Rake,4/6/2022 7:47 PM,,4/13/2022,,,$0.30,
2838279,3650,6644,Jigsaw,4/13/2022 6:25 PM,,4/20/2022,,,$0.00,
2426854,2790,5856,"Corded Drill, 3/8in",7/6/2021 7:52 PM,,7/13/2021,,,$27.70,
1980625,2462,6481,Drill Bit Set,6/25/2020 4:04 PM,,8/1/2020,,,$62.30,Renewal
1980627,2462,3750,Corded Drill,6/25/2020 4:04 PM,,8/1/2020,,,$62.30,Renewal
2760902,2277,4034,Steam Cleaner,2/26/2022 10:39 AM,,3/12/2022,,,$3.50,
2760903,2277,768,Carpet Cleaner,2/26/2022 10:39 AM,,3/12/2022,,,$3.50,
2820001,3267,8266,Stud Finder,4/3/2022 4:22 PM,,4/10/2022,,,$0.60,Renewal
1980631,1917,5887,Adjusable Wrench,6/25/2020 4:04 PM,,8/1/2020,,,$62.30,Renewal
2731239,1231,7996,3D Printer,2/5/2022 12:09 PM,,2/12/2022,,,$6.30,
2807963,2796,8396,Ladder,3/27/2022 5:55 PM,,4/10/2022,,,$0.60,Renewal
2807919,2799,7248,Hydraulic Jack,3/27/2022 4:35 PM,,4/3/2022,,,$1.30,
2807920,2799,712,Jack Post,3/27/2022 4:35 PM,,4/3/2022,,,$1.30,
2807921,2799,714,Jack Post,3/27/2022 4:35 PM,,4/3/2022,,,$1.30,
2423428,522,7626,Do It Wrench,7/3/2021 10:15 AM,,7/10/2021,,,$28.00,Renewal
2423427,522,4998,Cordless Drill,7/3/2021 10:15 AM,,7/10/2021,,,$28.00,Renewal
2167400,1109,125,Microphone,11/29/2020 4:33 PM,,12/19/2020,,,$48.30,Renewal
2825004,2697,259,Cordless Drill Set,4/6/2022 7:39 PM,,4/13/2022,,,$0.30,
2167412,2075,4958,Multimeter,11/29/2020 4:33 PM,,12/19/2020,,,$48.30,Renewal
2718059,3229,4020,Bypass Pruner,1/26/2022 8:51 PM,,2/2/2022,,,$7.30,
2167413,phildoholic,7320,Jigsaw,11/29/2020 4:33 PM,,12/19/2020,,,$48.30,Renewal
2836124,3574,6789,Hoe,4/12/2022 7:13 PM,,4/19/2022,,,$0.00,
2836125,3574,8757,Square Shovel,4/12/2022 7:13 PM,,4/19/2022,,,$0.00,
2836127,3574,8364,Tarp,4/12/2022 7:13 PM,,4/19/2022,,,$0.00,
2830813,3608,7629,Ladder,4/9/2022 10:46 AM,,4/16/2022,,,$0.00,Renewal
2830847,3608,7082,Skilsaw Circular Saw,4/9/2022 10:52 AM,,4/16/2022,,,$0.00,
2167415,2692,4612,Corded Drill,11/29/2020 4:34 PM,,12/19/2020,,,$48.30,Renewal
2167416,2692,7714,Stud Finder,11/29/2020 4:34 PM,,12/19/2020,,,$48.30,Renewal
2545791,3339,5353,"Allen Wrench Set, Pocket",9/25/2021 9:51 AM,,10/2/2021,,,$19.60,
2545792,3339,7357,Allen Wrench Set,9/25/2021 9:51 AM,,10/2/2021,,,$19.60,
2545787,3339,7200,Circlip Pliers,9/25/2021 9:51 AM,,10/2/2021,,,$19.60,
2545788,3339,4025,Garden Shears,9/25/2021 9:51 AM,,10/2/2021,,,$19.60,
2545790,3339,7026,"Screwdriver Set, Narrow",9/25/2021 9:51 AM,,10/2/2021,,,$19.60,
2545793,3339,7260,Screwdriver Set,9/25/2021 9:51 AM,,10/2/2021,,,$19.60,
2545789,3339,5205,"Socket Set, Metric and SAE",9/25/2021 9:51 AM,,10/2/2021,,,$19.60,
2545786,3339,7449,Wire Cutter,9/25/2021 9:51 AM,,10/2/2021,,,$19.60,
2545805,3339,7144,Multimeter,9/25/2021 9:53 AM,,10/2/2021,,,$19.60,
2545809,3339,5012,Magnetic Parts Tray,9/25/2021 9:53 AM,,10/2/2021,,,$19.60,
2167417,1528,4816,Belt Sander,11/29/2020 4:34 PM,,12/19/2020,,,$48.30,Renewal
2167418,1528,7085,Power Sander,11/29/2020 4:34 PM,,12/19/2020,,,$48.30,Renewal
2167422,2984,7514,Bar Clamp,11/29/2020 4:34 PM,,12/19/2020,,,$48.30,Renewal
2167425,2984,7515,Bar Clamp,11/29/2020 4:34 PM,,12/19/2020,,,$48.30,Renewal
2167424,2984,7732,"Bar Clamp, Small",11/29/2020 4:34 PM,,12/19/2020,,,$48.30,Renewal
2167423,2984,7734,"Bar Clamp, Small",11/29/2020 4:34 PM,,12/19/2020,,,$48.30,Renewal
2167427,2984,5737,Extension Cord,11/29/2020 4:34 PM,,12/19/2020,,,$48.30,Renewal
2167428,2984,7087,Laser Level,11/29/2020 4:34 PM,,12/19/2020,,,$48.30,Renewal
2167426,2984,704,Dremel Sharpening Tool,11/29/2020 4:34 PM,,12/19/2020,,,$48.30,Renewal
2167429,2984,604,T-square,11/29/2020 4:34 PM,,12/19/2020,,,$48.30,Renewal
2830613,3530,8026,Random Orbit Sander,4/9/2022 10:16 AM,,4/16/2022,,,$0.00,Renewal
2832794,3530,7412,Cordless Drill Set,4/10/2022 6:17 PM,,4/17/2022,,,$0.00,
2832795,3530,7415,Drill Bit Kit,4/10/2022 6:17 PM,,4/17/2022,,,$0.00,
2832793,3530,169,"Folding Chair, Metal",4/10/2022 6:17 PM,,4/17/2022,,,$0.00,
2832796,3530,5063,"Folding Chair, Wood",4/10/2022 6:17 PM,,4/17/2022,,,$0.00,
2832797,3530,5064,"Folding Chair, Wood",4/10/2022 6:17 PM,,4/17/2022,,,$0.00,
2832798,3530,5065,"Folding Chair, Wood",4/10/2022 6:17 PM,,4/17/2022,,,$0.00,
2832799,3530,5066,"Folding Chair, Wood",4/10/2022 6:17 PM,,4/17/2022,,,$0.00,
2836198,3530,5004,Table,4/12/2022 8:51 PM,,4/19/2022,,,$0.00,
2838406,3530,5006,Table,4/13/2022 7:15 PM,,4/20/2022,,,$0.00,
2558692,3347,6440,Auger,10/2/2021 11:57 AM,,10/9/2021,,,$18.90,
2558693,3347,6923,Sink Auger,10/2/2021 11:57 AM,,10/9/2021,,,$18.90,
2836106,3094,4045,Bristle Brush,4/12/2022 7:08 PM,,4/19/2022,,,$0.00,
2836108,3094,5776,Dust Pan,4/12/2022 7:08 PM,,4/19/2022,,,$0.00,
2836109,3094,7056,Push Broom,4/12/2022 7:08 PM,,4/19/2022,,,$0.00,
2836107,3094,7844,"Wire Scratch Brush, Scraper, Wide",4/12/2022 7:08 PM,,4/19/2022,,,$0.00,
2836111,3094,354,Squeegee,4/12/2022 7:08 PM,,4/19/2022,,,$0.00,
2836112,3094,6638,Squeegee,4/12/2022 7:08 PM,,4/19/2022,,,$0.00,
2836110,3094,6953,"Shop Vac, Dry Only, Bucket",4/12/2022 7:08 PM,,4/19/2022,,,$0.00,
1980680,2588,7380,Power Sander,6/25/2020 4:04 PM,,8/1/2020,,,$62.30,Renewal
2167430,2676,6240,Stud Finder,11/29/2020 4:34 PM,,12/19/2020,,,$48.30,Renewal
2167436,2809,6076,Torx Screwdriver,11/29/2020 4:34 PM,,12/19/2020,,,$48.30,Renewal
2167435,2809,5279,Box Cutter,11/29/2020 4:34 PM,,12/19/2020,,,$48.30,Renewal
2167438,2809,4276,Torque Amplifier,11/29/2020 4:34 PM,,12/19/2020,,,$48.30,Renewal
2167437,2809,4289,"Nut Driver, ?in",11/29/2020 4:34 PM,,12/19/2020,,,$48.30,Renewal
2167434,2809,549,"Nut Driver, ?in",11/29/2020 4:34 PM,,12/19/2020,,,$48.30,Renewal
2772005,1858,7909,Extension Cord,3/5/2022 12:03 PM,,3/12/2022,,,$3.50,Renewal
2825003,3592,4904,"Torx Screwdriver, T8",4/6/2022 7:26 PM,,4/13/2022,,,$0.30,
2446793,3238,372,Pitcher,7/20/2021 6:35 PM,,7/27/2021,,,$26.30,
2836013,152,6605,Carpet Knife,4/12/2022 6:18 PM,,4/19/2022,,,$0.00,
2836014,152,5668,Paint Scraper,4/12/2022 6:18 PM,,4/19/2022,,,$0.00,
2807961,3568,6349,Paintbrush,3/27/2022 5:54 PM,,4/10/2022,,,$0.60,Renewal
2807959,3568,6367,Paint Tray,3/27/2022 5:54 PM,,4/10/2022,,,$0.60,Renewal
2807962,3568,6370,Paintbrush,3/27/2022 5:54 PM,,4/10/2022,,,$0.60,Renewal
2807958,3568,7708,Paint Brush,3/27/2022 5:54 PM,,4/10/2022,,,$0.60,Renewal
2807960,3568,7919,Paint Tray,3/27/2022 5:54 PM,,4/10/2022,,,$0.60,Renewal
2807957,3568,8202,"Paint Brush 3""",3/27/2022 5:54 PM,,4/10/2022,,,$0.60,Renewal
2807956,3568,8732,"Screwdriver Bit Set, 42pc",3/27/2022 5:54 PM,,4/10/2022,,,$0.60,Renewal
2807955,3568,615,Extension Cord,3/27/2022 5:54 PM,,4/10/2022,,,$0.60,Renewal
2807954,3568,5134,Work Light,3/27/2022 5:54 PM,,4/10/2022,,,$0.60,Renewal
2807953,3568,7013,Corded Drill,3/27/2022 5:54 PM,,4/10/2022,,,$0.60,Renewal
2807952,3568,6710,Work Light,3/27/2022 5:54 PM,,4/10/2022,,,$0.60,Renewal
2824965,3628,7936,Screen Print Supplies,4/6/2022 6:15 PM,,4/13/2022,,,$0.30,
2824966,3628,7935,Screen Print Frame,4/6/2022 6:16 PM,,4/13/2022,,,$0.30,
2167446,2802,4922,Corded Drill,11/29/2020 4:34 PM,,12/19/2020,,,$48.30,Renewal
2167447,2802,436,"Socket Set, Metric and SAE",11/29/2020 4:34 PM,,12/19/2020,,,$48.30,Renewal
2167448,2802,4543,Stud Finder,11/29/2020 4:34 PM,,12/19/2020,,,$48.30,Renewal
2167452,2834,5114,Claw Hammer,11/29/2020 4:34 PM,,12/19/2020,,,$48.30,Renewal
2167450,2834,6483,Drill Bit Set,11/29/2020 4:34 PM,,12/19/2020,,,$48.30,Renewal
2167453,2834,6333,Needle Nose Pliers,11/29/2020 4:34 PM,,12/19/2020,,,$48.30,Renewal
2167451,2834,7422,Corded Drill,11/29/2020 4:34 PM,,12/19/2020,,,$48.30,Renewal
2167449,2834,3729,Iron,11/29/2020 4:34 PM,,12/19/2020,,,$48.30,Renewal
2167454,759,6964,Orbital Buffer,11/29/2020 4:34 PM,,12/19/2020,,,$48.30,Renewal
2167455,759,412,Level,11/29/2020 4:34 PM,,12/19/2020,,,$48.30,Renewal
2167461,2811,7008,Claw Hammer,11/29/2020 4:34 PM,,12/19/2020,,,$48.30,Renewal
2167462,2811,4746,Square Shovel,11/29/2020 4:34 PM,,12/19/2020,,,$48.30,Renewal
2167463,2811,4843,Staple Gun,11/29/2020 4:34 PM,,12/19/2020,,,$48.30,Renewal
2167469,1767,5360,"Allen Wrench Set, Pocket",11/29/2020 4:34 PM,,12/19/2020,,,$48.30,Renewal
2216252,3027,5125,Cordless Impact Driver,1/23/2021 11:42 AM,,1/30/2021,,,$44.10,
2167475,2956,5250,Chisel,11/29/2020 4:34 PM,,12/19/2020,,,$48.30,Renewal
2167474,2956,6395,Chisel,11/29/2020 4:34 PM,,12/19/2020,,,$48.30,Renewal
2167476,2956,7769,"Corded Drill, 3/8in",11/29/2020 4:34 PM,,12/19/2020,,,$48.30,Renewal
2831300,3644,4830,Weed Whacker,4/9/2022 12:08 PM,,4/16/2022,,,$0.00,
2831299,3644,6463,Extension Cord,4/9/2022 12:08 PM,,4/16/2022,,,$0.00,
2831159,3562,8185,Socket Wrench,4/9/2022 11:42 AM,,4/16/2022,,,$0.00,
2167477,2806,6480,Drill Bit Set,11/29/2020 4:34 PM,,12/19/2020,,,$48.30,Renewal
2167478,2806,6358,"Corded Drill, 3/8in",11/29/2020 4:34 PM,,12/19/2020,,,$48.30,Renewal
2167479,2806,5036,Rubber Mallet,11/29/2020 4:34 PM,,12/19/2020,,,$48.30,Renewal
2832773,3645,5115,C-clamp,4/10/2022 5:41 PM,,4/17/2022,,,$0.00,
2832774,3645,5429,C-clamp,4/10/2022 5:41 PM,,4/17/2022,,,$0.00,
2832771,3645,8744,Circular Saw,4/10/2022 5:41 PM,,4/17/2022,,,$0.00,
2832772,3645,5677,Square,4/10/2022 5:41 PM,,4/17/2022,,,$0.00,
2518597,3250,6811,Fishing Supplies,9/8/2021 7:33 PM,,9/15/2021,,,$21.30,
2518594,3250,6819,Fishing Pole,9/8/2021 7:33 PM,,9/15/2021,,,$21.30,
2518595,3250,5930,Needle Nose Pliers,9/8/2021 7:33 PM,,9/15/2021,,,$21.30,
2518596,3250,8275,Needle Nose Pliers,9/8/2021 7:33 PM,,9/15/2021,,,$21.30,
2618110,3275,6421,Vacuum Cleaner,11/7/2021 6:24 PM,,11/14/2021,,,$15.30,
2699299,3478,7879,Helping Hand With Magnifying Glass,1/11/2022 7:42 PM,,1/18/2022,,,$8.80,Renewal
2794318,3026,6859,Angle Grinder,3/19/2022 11:46 AM,,3/26/2022,,,$2.10,
2794319,3026,5103,Jack Stand,3/19/2022 11:46 AM,,3/26/2022,,,$2.10,
2760950,3513,5091,Angle Grinder,2/26/2022 10:58 AM,,3/12/2022,,,$3.50,
2760949,3513,8047,Hammer,2/26/2022 10:58 AM,,3/12/2022,,,$3.50,
2760948,3513,4770,Hand Truck,2/26/2022 10:58 AM,,3/12/2022,,,$3.50,
2760951,3513,6270,Dolly,2/26/2022 10:58 AM,,3/12/2022,,,$3.50,
2760952,3513,6773,Dolly,2/26/2022 10:58 AM,,3/12/2022,,,$3.50,
2760953,3513,7931,Dolly,2/26/2022 10:58 AM,,3/12/2022,,,$3.50,
2760954,3513,7933,Dolly,2/26/2022 10:58 AM,,3/12/2022,,,$3.50,
2760946,3513,6896,Extension Cord,2/26/2022 10:58 AM,,3/12/2022,,,$3.50,
2760947,3513,640,Ratchet Strap,2/26/2022 10:58 AM,,3/12/2022,,,$3.50,
2771674,3488,7926,Floor Jack,3/5/2022 11:17 AM,,3/12/2022,,,$3.50,
2771675,3488,5101,Jack Stand,3/5/2022 11:17 AM,,3/12/2022,,,$3.50,
2771676,3488,5102,Jack Stand,3/5/2022 11:17 AM,,3/12/2022,,,$3.50,
2832682,2111,7681,Rotary Tool Kit,4/10/2022 4:21 PM,,4/24/2022,,,$0.00,Renewal
2832683,2111,7676,Socket Wrench,4/10/2022 4:21 PM,,4/24/2022,,,$0.00,Renewal
2832684,2111,8376,Socket Wrench,4/10/2022 4:21 PM,,4/24/2022,,,$0.00,Renewal
2832681,2111,6034,Tubing Cutter,4/10/2022 4:21 PM,,4/24/2022,,,$0.00,Renewal
2832680,2111,6491,Yardstick,4/10/2022 4:21 PM,,4/24/2022,,,$0.00,Renewal
2264876,3073,7407,Adjusable Wrench,3/13/2021 11:51 AM,,3/20/2021,,,$39.20,
2264878,3073,393,Claw Hammer,3/13/2021 11:51 AM,,3/20/2021,,,$39.20,
2264879,3073,5881,"Combination Wrench, 5/8in",3/13/2021 11:51 AM,,3/20/2021,,,$39.20,
2264877,3073,32,Pry Bar,3/13/2021 11:51 AM,,3/20/2021,,,$39.20,
2264875,3073,7178,Vise Grip,3/13/2021 11:51 AM,,3/20/2021,,,$39.20,
2264881,3073,5579,Work Gloves,3/13/2021 11:51 AM,,3/20/2021,,,$39.20,
2264880,3073,7315,Work Gloves,3/13/2021 11:51 AM,,3/20/2021,,,$39.20,
2820069,3635,4431,"Crow Bar, Hooked End",4/3/2022 5:49 PM,,4/10/2022,,,$0.60,
2820066,3635,3950,Mattock,4/3/2022 5:49 PM,,4/10/2022,,,$0.60,
2820068,3635,5546,Round Pointed Shovel,4/3/2022 5:49 PM,,4/10/2022,,,$0.60,
2820067,3635,3949,Sledgehammer,4/3/2022 5:49 PM,,4/10/2022,,,$0.60,
2820065,3635,6936,"Snow Shovel, Small",4/3/2022 5:49 PM,,4/10/2022,,,$0.60,
2820064,3635,6807,Wheelbarrow,4/3/2022 5:49 PM,,4/10/2022,,,$0.60,
2346470,1894,4324,Cordless Drill,5/11/2021 6:14 PM,,5/18/2021,,,$33.30,Renewal
2346471,1894,6872,"Miter Box, With Saw",5/11/2021 6:14 PM,,5/18/2021,,,$33.30,Renewal
2346472,1894,7402,Hole Saw Kit,5/11/2021 6:14 PM,,5/18/2021,,,$33.30,Renewal
