Membership ID,Item ID,Item Name,Checked Out,Checked In,Due Date,Late Fees to Date,Renewal
262,4808,Pressure Washer,8/24/2016 7:02 PM,8/31/2016 6:28 PM,8/31/2016,$0.00,
280,4472,Cordless Drill,8/14/2016 6:57 PM,8/20/2016 11:55 AM,8/21/2016,$0.00,
146,4523,"Hand Saw, Narrow",5/8/2016 5:24 PM,5/11/2016 6:29 PM,5/15/2016,$0.00,
206,4322,Belt Sander,7/2/2016 10:59 AM,7/9/2016 11:32 AM,7/9/2016,$0.00,
153,3732,Lathe Kit (Tiny),5/11/2016 7:01 PM,5/18/2016 6:37 PM,5/18/2016,$0.00,
251,4995,Hammer,7/31/2016 4:20 PM,8/7/2016 4:43 PM,8/7/2016,$0.00,
251,4996,Bit Set,7/31/2016 4:20 PM,8/7/2016 4:43 PM,8/7/2016,$0.00,
251,4917,Phillips Screwdriver,7/31/2016 4:20 PM,8/7/2016 4:43 PM,8/7/2016,$0.00,
251,4919,Phillips Screwdriver,7/31/2016 4:20 PM,8/7/2016 4:43 PM,8/7/2016,$0.00,
251,4406,Pipe Wrench,7/31/2016 4:20 PM,8/7/2016 4:43 PM,8/7/2016,$0.00,
251,4996,Bit Set,8/7/2016 4:44 PM,9/18/2016 5:21 PM,8/14/2016,$0.00,
251,4971,Level,8/7/2016 4:44 PM,9/18/2016 5:21 PM,8/14/2016,$0.00,
251,3800,Pliers,8/7/2016 4:44 PM,9/18/2016 5:21 PM,8/14/2016,$0.00,
147,1,Dehydrator,7/14/2016 12:00 PM,8/2/2016 10:48 AM,7/21/2016,$0.00,
181,4524,Bit Set,6/29/2016 8:42 PM,7/2/2016 11:57 AM,7/6/2016,$0.00,
368,3805,Band Saw,10/23/2016 6:18 PM,10/23/2016 6:26 PM,10/30/2016,$0.00,
368,5049,Jigsaw,10/23/2016 6:18 PM,11/2/2016 8:53 AM,10/30/2016,$0.00,
368,4992,Planer,10/23/2016 6:18 PM,11/2/2016 8:53 AM,10/30/2016,$0.00,
368,5049,Jigsaw,11/2/2016 8:53 AM,11/16/2016 7:15 PM,11/9/2016,$0.00,Renewal
368,4992,Planer,11/2/2016 8:53 AM,11/16/2016 7:15 PM,11/9/2016,$0.00,Renewal
430,277,"Reciprocating Saw, Cordless",12/7/2016 6:43 PM,12/28/2016 7:10 PM,12/14/2016,$0.00,
214,3742,Power Sander,8/13/2016 11:59 AM,8/20/2016 11:59 AM,8/20/2016,$0.00,
214,4322,Belt Sander,8/20/2016 11:59 AM,8/27/2016 12:55 PM,8/27/2016,$0.00,
214,3742,Power Sander,8/20/2016 11:59 AM,8/27/2016 12:55 PM,8/27/2016,$0.00,Renewal
214,4322,Belt Sander,8/27/2016 12:55 PM,9/4/2016 4:28 PM,9/3/2016,$0.00,Renewal
214,3742,Power Sander,8/27/2016 12:55 PM,9/4/2016 4:28 PM,9/3/2016,$0.00,Renewal
214,4322,Belt Sander,9/4/2016 4:28 PM,9/11/2016 5:46 PM,9/11/2016,$0.00,Renewal
214,4648,File,9/4/2016 4:28 PM,9/11/2016 5:34 PM,9/11/2016,$0.00,
214,5008,Heat Gun,9/4/2016 4:28 PM,9/11/2016 5:34 PM,9/11/2016,$0.00,
214,3742,Power Sander,9/4/2016 4:28 PM,9/11/2016 5:46 PM,9/11/2016,$0.00,Renewal
214,4648,File,9/11/2016 5:34 PM,9/11/2016 5:46 PM,9/18/2016,$0.00,Renewal
214,5008,Heat Gun,9/11/2016 5:34 PM,9/11/2016 5:46 PM,9/18/2016,$0.00,Renewal
214,4322,Belt Sander,9/11/2016 5:46 PM,9/11/2016 6:01 PM,9/18/2016,$0.00,Renewal
214,4648,File,9/11/2016 5:46 PM,9/11/2016 6:01 PM,9/18/2016,$0.00,Renewal
214,5008,Heat Gun,9/11/2016 5:46 PM,9/11/2016 6:01 PM,9/18/2016,$0.00,Renewal
214,3742,Power Sander,9/11/2016 5:46 PM,9/28/2016 6:23 PM,9/18/2016,$0.00,Renewal
214,4969,Rotary Dremel Bit Kit,10/15/2016 12:25 PM,10/16/2016 5:15 PM,10/22/2016,$0.00,
214,271,Dremel,10/15/2016 12:25 PM,10/16/2016 5:15 PM,10/22/2016,$0.00,
414,4338,Lopper,11/26/2016 10:31 AM,12/3/2016 9:55 AM,12/3/2016,$0.00,
343,4520,Battery Charger,10/2/2016 5:09 PM,10/9/2016 4:24 PM,10/9/2016,$0.00,
343,4353,Power Screw Driver,10/2/2016 5:09 PM,10/9/2016 4:24 PM,10/9/2016,$0.00,
343,259,Cordless Drill Set,10/2/2016 5:09 PM,10/9/2016 4:24 PM,10/9/2016,$0.00,
343,4675,Quick Grip Clamp,10/2/2016 5:09 PM,10/9/2016 4:24 PM,10/9/2016,$0.00,
422,4322,Belt Sander,12/10/2016 11:41 AM,12/14/2016 7:06 PM,12/17/2016,$0.00,
422,5027,Ladder,12/10/2016 11:41 AM,12/14/2016 7:06 PM,12/17/2016,$0.00,
381,5061,Concrete Bit Set,10/30/2016 6:28 PM,11/13/2016 4:19 PM,11/6/2016,$0.00,
381,140,Paint Brush,10/30/2016 6:28 PM,11/13/2016 4:19 PM,11/6/2016,$0.00,
381,5073,Masonry Drill Bit Set,10/30/2016 6:28 PM,11/13/2016 4:19 PM,11/6/2016,$0.00,
381,4934,Corded Drill,10/30/2016 6:28 PM,11/13/2016 4:19 PM,11/6/2016,$0.00,
381,4503,Quick Grip Clamp,10/30/2016 6:28 PM,11/13/2016 4:19 PM,11/6/2016,$0.00,
381,5120,Quick Grip Clamp,10/30/2016 6:28 PM,11/13/2016 4:19 PM,11/6/2016,$0.00,
381,5061,Concrete Bit Set,11/13/2016 4:19 PM,11/20/2016 4:48 PM,11/20/2016,$0.00,Renewal
381,140,Paint Brush,11/13/2016 4:19 PM,11/20/2016 4:48 PM,11/20/2016,$0.00,Renewal
381,5073,Masonry Drill Bit Set,11/13/2016 4:19 PM,11/20/2016 4:48 PM,11/20/2016,$0.00,Renewal
381,4934,Corded Drill,11/13/2016 4:19 PM,11/20/2016 4:48 PM,11/20/2016,$0.00,Renewal
381,4503,Quick Grip Clamp,11/13/2016 4:19 PM,11/20/2016 4:48 PM,11/20/2016,$0.00,Renewal
381,5120,Quick Grip Clamp,11/13/2016 4:19 PM,11/20/2016 4:48 PM,11/20/2016,$0.00,Renewal
381,140,Paint Brush,11/20/2016 4:48 PM,1/8/2017 3:39 PM,11/27/2016,$0.00,Renewal
171,4524,Bit Set,6/1/2016 6:55 PM,6/12/2016 4:53 PM,6/8/2016,$0.00,
171,3751,Corded Drill,6/1/2016 6:55 PM,6/12/2016 4:53 PM,6/8/2016,$0.00,
171,4810,Cordless Drill,6/26/2016 4:53 PM,7/31/2016 4:43 PM,7/3/2016,$0.00,
292,5026,Ladder,8/21/2016 5:03 PM,8/27/2016 10:16 AM,8/28/2016,$0.00,
292,3923,Claw Hammer,8/21/2016 6:15 PM,8/27/2016 10:16 AM,8/28/2016,$0.00,
292,4199,Hammer,8/21/2016 6:15 PM,8/27/2016 10:16 AM,8/28/2016,$0.00,
292,40,Multibar,8/21/2016 6:15 PM,8/27/2016 10:16 AM,8/28/2016,$0.00,
292,524,Needle Nose Pliers,8/21/2016 6:15 PM,8/27/2016 10:16 AM,8/28/2016,$0.00,
292,40,Multibar,8/27/2016 10:16 AM,9/25/2016 6:54 PM,9/4/2016,$0.00,Renewal
292,4199,Hammer,8/27/2016 10:16 AM,9/25/2016 6:54 PM,9/4/2016,$0.00,Renewal
292,3923,Claw Hammer,8/27/2016 10:16 AM,9/25/2016 6:54 PM,9/4/2016,$0.00,Renewal
292,5026,Ladder,8/27/2016 10:16 AM,9/25/2016 6:54 PM,9/4/2016,$0.00,Renewal
292,524,Needle Nose Pliers,8/27/2016 10:16 AM,9/25/2016 6:54 PM,9/4/2016,$0.00,Renewal
292,5026,Ladder,9/25/2016 6:54 PM,1/27/2019 5:10 PM,10/2/2016,$0.00,
446,5210,Bar Clamp,12/18/2016 5:05 PM,1/1/2017 2:01 PM,12/25/2016,$0.00,
154,4573,Circular Saw,5/11/2016 7:47 PM,6/4/2016 11:55 AM,5/18/2016,$0.00,
154,4561,Engraver,5/11/2016 7:47 PM,6/4/2016 11:55 AM,5/18/2016,$0.00,
154,825,Power Sander,5/11/2016 7:47 PM,6/4/2016 11:55 AM,5/18/2016,$0.00,
154,4630,Circular Saw,12/10/2016 11:31 AM,12/14/2016 9:56 PM,12/17/2016,$0.00,
154,663,Miter Saw,12/10/2016 11:31 AM,12/14/2016 9:56 PM,12/17/2016,$0.00,
154,358,Crow Bar,12/10/2016 11:31 AM,12/14/2016 9:56 PM,12/17/2016,$0.00,
154,3738,Jigsaw,12/10/2016 11:31 AM,12/14/2016 9:56 PM,12/17/2016,$0.00,
154,96,Level,12/10/2016 11:31 AM,12/14/2016 9:56 PM,12/17/2016,$0.00,
154,3753,Power Sander,12/10/2016 11:31 AM,12/14/2016 9:56 PM,12/17/2016,$0.00,
154,4825,Power Sander With Vacuum Bag,12/10/2016 11:31 AM,12/14/2016 9:56 PM,12/17/2016,$0.00,
154,359,Adjustable Square,12/10/2016 11:31 AM,12/14/2016 9:56 PM,12/17/2016,$0.00,
154,359,Adjustable Square,12/14/2016 9:56 PM,12/21/2016 6:35 PM,12/24/2016,$0.00,Renewal
154,4630,Circular Saw,12/14/2016 9:56 PM,12/21/2016 6:35 PM,12/24/2016,$0.00,Renewal
154,663,Miter Saw,12/14/2016 9:56 PM,12/21/2016 6:35 PM,12/24/2016,$0.00,Renewal
154,358,Crow Bar,12/14/2016 9:56 PM,12/21/2016 6:35 PM,12/24/2016,$0.00,Renewal
154,96,Level,12/14/2016 9:56 PM,12/21/2016 6:35 PM,12/24/2016,$0.00,Renewal
154,4825,Power Sander With Vacuum Bag,12/14/2016 9:56 PM,12/21/2016 6:35 PM,12/24/2016,$0.00,Renewal
154,3753,Power Sander,12/14/2016 9:56 PM,12/21/2016 6:35 PM,12/24/2016,$0.00,Renewal
154,3738,Jigsaw,12/14/2016 9:56 PM,12/21/2016 6:35 PM,12/24/2016,$0.00,Renewal
168,4678,Auger,5/28/2016 10:34 AM,5/28/2016 11:20 AM,6/4/2016,$0.00,
168,114,Plunger,7/9/2016 10:32 AM,7/16/2016 9:54 AM,7/16/2016,$0.00,
168,4751,Miter Saw,10/9/2016 4:34 PM,10/23/2016 4:37 PM,10/16/2016,$0.00,
55,4103,Hand Sander,1/18/2016 3:50 PM,1/28/2016 7:16 AM,1/25/2016,$0.00,
55,4103,Hand Sander,1/28/2016 7:16 AM,2/28/2016 10:20 AM,2/4/2016,$0.00,Renewal
55,3724,Taping Knife,1/28/2016 7:16 AM,2/28/2016 10:20 AM,2/4/2016,$0.00,
55,4082,Hand Saw,1/28/2016 7:18 AM,2/28/2016 10:20 AM,2/4/2016,$0.00,
55,4052,Sanding Block,2/5/2016 7:08 PM,2/5/2016 7:15 PM,2/12/2016,$0.00,
55,131,"Paint Roller, Small",2/5/2016 7:14 PM,2/28/2016 10:20 AM,2/12/2016,$0.00,
55,1574,Tin Snips,5/15/2016 4:30 PM,5/15/2016 4:31 PM,5/22/2016,$0.00,
55,4705,Hammer,11/16/2016 6:12 PM,11/16/2016 6:14 PM,11/23/2016,$0.00,
275,4752,C-clamp,8/14/2016 3:36 PM,8/21/2016 6:19 PM,8/21/2016,$0.00,
275,5017,C-clamp,8/14/2016 3:36 PM,8/21/2016 6:19 PM,8/21/2016,$0.00,
275,4354,Car Jack,8/14/2016 3:41 PM,8/21/2016 6:20 PM,8/21/2016,$0.00,
275,4386,Tire Iron,8/14/2016 5:53 PM,8/21/2016 6:19 PM,8/21/2016,$0.00,
275,4875,Needle Nose Pliers,8/14/2016 5:53 PM,8/21/2016 6:19 PM,8/21/2016,$0.00,
275,2259,Slip Joint Pliers,8/14/2016 5:53 PM,8/21/2016 6:19 PM,8/21/2016,$0.00,
275,4752,C-clamp,8/21/2016 6:19 PM,8/28/2016 5:11 PM,8/28/2016,$0.00,Renewal
275,5017,C-clamp,8/21/2016 6:19 PM,8/28/2016 5:11 PM,8/28/2016,$0.00,Renewal
275,4386,Tire Iron,8/21/2016 6:19 PM,8/28/2016 5:11 PM,8/28/2016,$0.00,Renewal
275,2259,Slip Joint Pliers,8/21/2016 6:19 PM,8/28/2016 5:11 PM,8/28/2016,$0.00,Renewal
275,4875,Needle Nose Pliers,8/21/2016 6:19 PM,8/28/2016 5:11 PM,8/28/2016,$0.00,Renewal
275,4354,Car Jack,8/21/2016 6:20 PM,8/28/2016 5:11 PM,8/28/2016,$0.00,Renewal
164,4520,Battery Charger,5/22/2016 6:44 PM,5/29/2016 5:29 PM,5/29/2016,$0.00,
164,4519,Cordless Drill,5/22/2016 6:44 PM,5/29/2016 5:29 PM,5/29/2016,$0.00,
164,3725,"Socket Wrench Set, Metric",8/14/2016 5:09 PM,9/11/2016 4:11 PM,8/21/2016,$0.00,
164,4206,5/8 Socket Truecraft,8/14/2016 5:09 PM,9/11/2016 4:11 PM,8/21/2016,$0.00,
164,4519,Cordless Drill,9/11/2016 4:26 PM,9/11/2016 5:44 PM,9/18/2016,$0.00,
164,225,Socket Wrench,9/11/2016 4:26 PM,9/11/2016 5:44 PM,9/18/2016,$0.00,
164,3725,"Socket Wrench Set, Metric",10/1/2016 11:26 AM,10/1/2016 11:35 AM,10/8/2016,$0.00,
164,4608,Chisel Set,10/1/2016 11:49 AM,10/23/2016 5:07 PM,10/8/2016,$0.00,
164,3823,Corded Drill,10/1/2016 11:49 AM,10/23/2016 5:07 PM,10/8/2016,$0.00,
164,4613,Rubber Mallet,10/1/2016 11:49 AM,10/23/2016 5:07 PM,10/8/2016,$0.00,
239,3721,Tile Saw,7/16/2016 12:16 PM,7/23/2016 10:31 AM,7/23/2016,$0.00,
239,3721,Tile Saw,7/23/2016 10:31 AM,7/27/2016 7:02 PM,7/30/2016,$0.00,Renewal
439,5206,Vacuum Cleaner,12/14/2016 6:54 PM,12/17/2016 10:42 AM,12/21/2016,$0.00,
52,3760,Hole Hawg,9/23/2016 3:27 PM,10/6/2016 6:39 PM,9/30/2016,$0.00,
52,260,Plastic Bucket,11/30/2016 7:25 PM,12/4/2016 4:19 PM,12/7/2016,$0.00,
52,3836,C-clamp,11/30/2016 7:25 PM,12/5/2016 10:34 AM,12/7/2016,$0.00,
52,4521,Claw Hammer,11/30/2016 7:25 PM,12/4/2016 4:19 PM,12/7/2016,$0.00,
52,4645,Hammer,11/30/2016 7:25 PM,12/4/2016 4:19 PM,12/7/2016,$0.00,
52,202,Extension Cord,11/30/2016 7:25 PM,12/4/2016 4:19 PM,12/7/2016,$0.00,
52,4936,Extension Cord,11/30/2016 7:25 PM,12/4/2016 4:19 PM,12/7/2016,$0.00,
52,4941,Extension Cord,11/30/2016 7:25 PM,12/4/2016 4:19 PM,12/7/2016,$0.00,
52,4942,Extension Cord,11/30/2016 7:25 PM,12/4/2016 4:19 PM,12/7/2016,$0.00,
52,4991,Extension Cord,11/30/2016 7:25 PM,12/4/2016 4:19 PM,12/7/2016,$0.00,
52,315,Extension Cord,11/30/2016 7:25 PM,12/4/2016 4:19 PM,12/7/2016,$0.00,
52,316,Extension Cord,11/30/2016 7:25 PM,12/4/2016 4:19 PM,12/7/2016,$0.00,
52,4139,Framing Hammer,11/30/2016 7:25 PM,12/4/2016 4:19 PM,12/7/2016,$0.00,
52,274,Orchard Ladder,11/30/2016 7:25 PM,12/4/2016 4:19 PM,12/7/2016,$0.00,
52,314,Work Light,11/30/2016 7:25 PM,12/4/2016 4:19 PM,12/7/2016,$0.00,
52,5098,Cooper/Regent Pqs45 Portable Deluxe Work Light 500-Watt,11/30/2016 7:25 PM,12/4/2016 4:19 PM,12/7/2016,$0.00,
134,4543,Stud Finder,5/4/2016 6:10 PM,5/11/2016 8:42 PM,5/11/2016,$0.00,
441,5125,Cordless Impact Driver,12/17/2016 11:15 AM,12/18/2016 6:14 PM,12/24/2016,$0.00,
238,208,Fruit Picker,7/16/2016 11:47 AM,7/24/2016 4:54 PM,7/23/2016,$0.00,
238,208,Fruit Picker,7/24/2016 4:54 PM,8/7/2016 4:59 PM,7/31/2016,$0.00,Renewal
350,4416,Bottle Cap Press,10/15/2016 11:36 AM,10/22/2016 5:08 PM,10/22/2016,$0.00,
350,4416,Bottle Cap Press,10/22/2016 5:08 PM,10/29/2016 12:25 PM,10/29/2016,$0.00,Renewal
350,4416,Bottle Cap Press,10/29/2016 12:25 PM,10/30/2016 4:58 PM,11/5/2016,$0.00,Renewal
215,165,"Folding Chair, Metal",7/3/2016 5:45 PM,7/6/2016 6:40 PM,7/10/2016,$0.00,
215,175,"Folding Chair, Metal",7/3/2016 5:45 PM,7/6/2016 6:40 PM,7/10/2016,$0.00,
215,178,"Folding Chair, Metal",7/3/2016 5:45 PM,7/6/2016 6:40 PM,7/10/2016,$0.00,
78,234,Car Battery Charger,12/28/2016 6:24 PM,12/28/2016 8:11 PM,1/4/2017,$0.00,
78,366,Back Saw,12/28/2016 6:24 PM,12/28/2016 8:11 PM,1/4/2017,$0.00,
440,672,Corded Drill,12/14/2016 6:17 PM,12/21/2016 7:50 PM,12/21/2016,$0.00,
440,1184,Socket Wrench Set,12/14/2016 6:17 PM,12/21/2016 7:50 PM,12/21/2016,$0.00,
440,4549,"Socket Wrench, Multi Faced",12/14/2016 6:17 PM,12/21/2016 7:50 PM,12/21/2016,$0.00,
440,5205,"Socket Set, Metric and SAE",12/14/2016 6:17 PM,12/21/2016 7:50 PM,12/21/2016,$0.00,
223,4427,18V Battery BATT_A,7/9/2016 10:31 AM,7/10/2016 5:18 PM,7/16/2016,$0.00,
223,4683,18V Ryobi Battery BATT_A,7/9/2016 10:31 AM,7/10/2016 5:18 PM,7/16/2016,$0.00,
223,4714,18V Ryobi Battery BATT_A,7/9/2016 10:31 AM,7/10/2016 5:18 PM,7/16/2016,$0.00,
223,4425,Cordless Drill,7/9/2016 10:31 AM,7/10/2016 5:18 PM,7/16/2016,$0.00,
223,4769,18V Battery BATT_C,10/29/2016 11:43 AM,10/30/2016 6:02 PM,11/5/2016,$0.00,
223,281,18V Battery Charger BATT_C,10/29/2016 11:43 AM,10/30/2016 6:02 PM,11/5/2016,$0.00,
223,3990,Cordless Drill,10/29/2016 11:43 AM,10/30/2016 6:02 PM,11/5/2016,$0.00,
223,4996,Bit Set,10/29/2016 11:43 AM,10/30/2016 6:02 PM,11/5/2016,$0.00,
223,5069,Drill Bit Set,12/31/2016 11:47 AM,1/7/2017 10:10 AM,1/7/2017,$0.00,
223,4520,Battery Charger,12/31/2016 11:47 AM,1/7/2017 10:10 AM,1/7/2017,$0.00,
223,4519,Cordless Drill,12/31/2016 11:47 AM,1/7/2017 10:10 AM,1/7/2017,$0.00,
223,96,Level,12/31/2016 11:47 AM,1/7/2017 10:10 AM,1/7/2017,$0.00,
23,4604,"Calipers, Digital",6/15/2016 8:58 PM,6/25/2016 11:45 AM,6/22/2016,$0.00,
23,4628,Dremel Moto Tool,6/15/2016 8:58 PM,6/25/2016 11:45 AM,6/22/2016,$0.00,
23,1,Dehydrator,6/15/2016 8:58 PM,6/25/2016 11:45 AM,6/22/2016,$0.00,
23,4441,Glue Gun,12/7/2016 6:56 PM,12/11/2016 4:41 PM,12/14/2016,$0.00,
126,3751,Corded Drill,4/30/2016 3:05 PM,5/5/2016 10:22 PM,5/7/2016,$0.00,
126,4291,Stud Finder,4/30/2016 3:05 PM,5/5/2016 10:22 PM,5/7/2016,$0.00,
126,3751,Corded Drill,5/5/2016 10:22 PM,5/14/2016 11:50 AM,5/14/2016,$0.00,Renewal
126,4291,Stud Finder,5/5/2016 10:22 PM,5/14/2016 11:50 AM,5/14/2016,$0.00,Renewal
212,4608,Chisel Set,7/2/2016 11:41 AM,7/3/2016 4:45 PM,7/9/2016,$0.00,
212,4613,Rubber Mallet,7/2/2016 11:41 AM,7/3/2016 4:45 PM,7/9/2016,$0.00,
220,4770,Hand Truck,7/6/2016 7:45 PM,7/6/2016 7:47 PM,7/13/2016,$0.00,
220,4770,Hand Truck,7/6/2016 7:47 PM,7/20/2016 6:20 PM,7/20/2016,$0.00,Renewal
287,4942,Extension Cord,8/17/2016 6:50 PM,8/17/2016 8:27 PM,8/24/2016,$0.00,
287,5021,Square Level,8/17/2016 6:50 PM,8/17/2016 8:27 PM,8/24/2016,$0.00,
287,3750,Corded Drill,8/17/2016 6:50 PM,8/17/2016 8:27 PM,8/24/2016,$0.00,
287,4942,Extension Cord,8/17/2016 8:27 PM,10/16/2016 9:47 AM,8/24/2016,$0.00,Renewal
287,5021,Square Level,8/17/2016 8:27 PM,10/16/2016 9:47 AM,8/24/2016,$0.00,Renewal
287,3750,Corded Drill,8/17/2016 8:27 PM,10/16/2016 9:47 AM,8/24/2016,$0.00,Renewal
355,4331,"Corded Drill, 3/8in",10/16/2016 4:42 PM,10/16/2016 6:36 PM,10/23/2016,$0.00,
393,4876,Allen Wrench Set,11/9/2016 7:35 PM,11/16/2016 7:19 PM,11/16/2016,$0.00,
393,4843,Staple Gun,11/9/2016 7:35 PM,11/16/2016 7:19 PM,11/16/2016,$0.00,
257,5001,Rotary Hammer Drill [lost],8/3/2016 6:56 PM,8/10/2016 6:09 PM,8/10/2016,$0.00,
329,6,Telescope,9/18/2016 6:39 PM,11/20/2016 4:21 PM,9/25/2016,$0.00,
332,4934,Corded Drill,9/21/2016 6:36 PM,10/1/2016 11:15 AM,9/28/2016,$0.00,
260,5011,Hand Saw,8/10/2016 7:37 PM,8/14/2016 4:46 PM,8/17/2016,$0.00,
240,4636,Pruning Shears,7/16/2016 12:35 PM,7/20/2016 6:24 PM,7/23/2016,$0.00,
240,5013,"Power Sander, Palm Grip",8/13/2016 11:39 AM,8/20/2016 11:16 AM,8/20/2016,$0.00,
240,5013,"Power Sander, Palm Grip",8/20/2016 11:16 AM,8/28/2016 4:31 PM,8/27/2016,$0.00,Renewal
240,3754,Skilsaw,9/25/2016 4:33 PM,10/1/2016 11:00 AM,10/2/2016,$0.00,
240,3754,Skilsaw,12/3/2016 11:37 AM,12/17/2016 9:59 AM,12/10/2016,$0.00,
38,5131,Conduit Bender,12/14/2016 7:02 PM,12/21/2016 6:54 PM,12/21/2016,$0.00,
38,5085,Tubing Cutter,12/21/2016 7:24 PM,12/28/2016 8:04 PM,12/28/2016,$0.00,
38,257,Taping Knife,12/28/2016 8:55 PM,1/8/2017 3:43 PM,1/4/2017,$0.00,
149,3837,Chisel,5/28/2016 10:24 AM,5/29/2016 4:15 PM,6/4/2016,$0.00,
149,3754,Skilsaw,5/28/2016 10:24 AM,5/29/2016 4:15 PM,6/4/2016,$0.00,
149,4515,Circular Saw,5/28/2016 10:24 AM,5/29/2016 4:15 PM,6/4/2016,$0.00,
149,4673,Quick Grip Clamp,5/28/2016 10:24 AM,5/29/2016 4:15 PM,6/4/2016,$0.00,
149,4674,Quick Grip Clamp,5/28/2016 10:24 AM,5/29/2016 4:15 PM,6/4/2016,$0.00,
149,4675,Quick Grip Clamp,5/28/2016 10:24 AM,5/29/2016 4:15 PM,6/4/2016,$0.00,
149,4676,Quick Grip Clamp,5/28/2016 10:24 AM,5/29/2016 4:15 PM,6/4/2016,$0.00,
149,4672,Ryobi Battery Charger,5/28/2016 10:24 AM,5/29/2016 4:15 PM,6/4/2016,$0.00,
149,4384,Mallet,5/28/2016 10:24 AM,5/29/2016 4:15 PM,6/4/2016,$0.00,
149,4677,Table,5/28/2016 10:24 AM,5/29/2016 4:15 PM,6/4/2016,$0.00,
149,4620,Chain Tool,7/23/2016 9:31 AM,7/24/2016 4:36 PM,7/30/2016,$0.00,
149,5018,"Calipers, Digital",8/27/2016 10:06 AM,9/3/2016 10:27 AM,9/3/2016,$0.00,
149,5136,Bike Stand,11/2/2016 6:57 PM,11/6/2016 4:36 PM,11/9/2016,$0.00,
387,4941,Extension Cord,11/5/2016 11:21 AM,11/30/2016 7:22 PM,11/12/2016,$0.00,
387,5127,Corded Drill,11/5/2016 11:21 AM,11/30/2016 8:04 PM,11/12/2016,$0.00,
156,3990,Cordless Drill,5/15/2016 6:11 PM,5/22/2016 5:25 PM,5/22/2016,$0.00,
156,3990,Cordless Drill,5/22/2016 5:25 PM,6/12/2016 6:17 PM,5/29/2016,$0.00,Renewal
156,4100,Grout Float,5/22/2016 5:25 PM,6/12/2016 6:17 PM,5/29/2016,$0.00,
156,4660,Sponge,5/22/2016 5:25 PM,6/12/2016 6:17 PM,5/29/2016,$0.00,
156,3721,Tile Saw,5/22/2016 5:25 PM,5/25/2016 7:51 PM,5/29/2016,$0.00,
156,4660,Sponge,6/12/2016 6:17 PM,9/4/2016 6:20 PM,6/19/2016,$0.00,Renewal
156,4683,18V Ryobi Battery BATT_A,9/25/2016 4:38 PM,10/1/2016 10:25 AM,10/2/2016,$0.00,
156,3983,Adjusable Wrench,9/25/2016 4:38 PM,10/1/2016 10:25 AM,10/2/2016,$0.00,
156,5069,Drill Bit Set,9/25/2016 4:38 PM,10/1/2016 10:25 AM,10/2/2016,$0.00,
156,4998,Cordless Drill,9/25/2016 4:38 PM,10/1/2016 10:25 AM,10/2/2016,$0.00,
156,5117,Jigsaw,9/25/2016 4:38 PM,10/1/2016 10:25 AM,10/2/2016,$0.00,
156,3983,Adjusable Wrench,10/1/2016 10:25 AM,10/9/2016 4:50 PM,10/8/2016,$0.00,Renewal
156,5069,Drill Bit Set,10/1/2016 10:40 AM,10/9/2016 4:50 PM,10/8/2016,$0.00,
156,5039,Spade Bit Set,10/1/2016 10:40 AM,10/9/2016 4:50 PM,10/8/2016,$0.00,
156,4612,Corded Drill,10/1/2016 10:40 AM,10/9/2016 4:50 PM,10/8/2016,$0.00,
156,3983,Adjusable Wrench,10/9/2016 4:50 PM,10/16/2016 6:43 PM,10/16/2016,$0.00,Renewal
156,5069,Drill Bit Set,10/9/2016 4:50 PM,10/16/2016 6:43 PM,10/16/2016,$0.00,Renewal
156,5039,Spade Bit Set,10/9/2016 4:50 PM,10/16/2016 6:43 PM,10/16/2016,$0.00,Renewal
156,4612,Corded Drill,10/9/2016 4:50 PM,10/16/2016 6:43 PM,10/16/2016,$0.00,Renewal
156,5069,Drill Bit Set,10/16/2016 6:43 PM,10/30/2016 6:30 PM,10/23/2016,$0.00,Renewal
156,5039,Spade Bit Set,10/16/2016 6:43 PM,10/30/2016 6:30 PM,10/23/2016,$0.00,Renewal
156,202,Extension Cord,10/16/2016 6:43 PM,10/30/2016 6:30 PM,10/23/2016,$0.00,
156,4612,Corded Drill,10/16/2016 6:43 PM,10/30/2016 6:30 PM,10/23/2016,$0.00,Renewal
179,4472,Cordless Drill,6/5/2016 5:57 PM,6/15/2016 6:37 PM,6/12/2016,$0.00,
179,3875,Soil Cultivator,6/5/2016 5:57 PM,6/15/2016 6:37 PM,6/12/2016,$0.00,
179,4719,Tape Measure,6/5/2016 5:57 PM,6/15/2016 6:37 PM,6/12/2016,$0.00,
349,5068,Manual Drill Press,10/12/2016 8:08 PM,10/19/2016 6:46 PM,10/19/2016,$0.00,
349,3760,Hole Hawg,10/12/2016 8:14 PM,10/19/2016 6:46 PM,10/19/2016,$0.00,
349,4325,Battery Charger,10/12/2016 8:27 PM,10/19/2016 6:46 PM,10/19/2016,$0.00,
349,5130,(charger only) Cordless Right Angle Drill With Charger,10/12/2016 8:29 PM,10/19/2016 6:46 PM,10/19/2016,$0.00,
176,3754,Skilsaw,6/4/2016 9:58 AM,6/22/2016 7:23 PM,6/11/2016,$0.00,
314,3751,Corded Drill,12/11/2016 6:50 PM,12/17/2016 9:16 AM,12/18/2016,$0.00,
314,4322,Belt Sander,12/17/2016 9:16 AM,12/21/2016 6:53 PM,12/24/2016,$0.00,
314,362,Key Hole Saw,12/17/2016 9:16 AM,12/21/2016 6:53 PM,12/24/2016,$0.00,
314,5034,Power Sander,12/17/2016 9:16 AM,12/21/2016 6:53 PM,12/24/2016,$0.00,
314,4322,Belt Sander,12/21/2016 6:53 PM,1/1/2017 5:15 PM,12/28/2016,$0.00,Renewal
314,362,Key Hole Saw,12/21/2016 6:53 PM,1/1/2017 5:15 PM,12/28/2016,$0.00,Renewal
314,5034,Power Sander,12/21/2016 6:53 PM,1/1/2017 5:15 PM,12/28/2016,$0.00,Renewal
319,5009,Dolly,9/14/2016 8:15 PM,9/21/2016 6:34 PM,9/21/2016,$0.00,
319,5008,Heat Gun,9/14/2016 8:15 PM,9/21/2016 6:34 PM,9/21/2016,$0.00,
319,4808,Pressure Washer,9/14/2016 8:15 PM,9/21/2016 6:34 PM,9/21/2016,$0.00,
319,4414,Reciprocating Saw,9/14/2016 8:15 PM,9/21/2016 6:34 PM,9/21/2016,$0.00,
319,4047,Wire Brush,9/14/2016 8:15 PM,9/21/2016 6:34 PM,9/21/2016,$0.00,
319,5091,Angle Grinder,11/2/2016 7:29 PM,11/10/2016 7:48 AM,11/9/2016,$0.00,
319,4035,Cement Chisel,11/2/2016 7:29 PM,11/10/2016 7:48 AM,11/9/2016,$0.00,
319,277,"Reciprocating Saw, Cordless",11/2/2016 7:29 PM,11/10/2016 7:48 AM,11/9/2016,$0.00,
319,5001,Rotary Hammer Drill [lost],11/2/2016 7:29 PM,11/10/2016 7:48 AM,11/9/2016,$0.00,
319,21,Hot Scraper,11/2/2016 7:29 PM,11/10/2016 7:48 AM,11/9/2016,$0.00,
319,4432,Paint Sprayer,11/2/2016 7:29 PM,11/10/2016 7:48 AM,11/9/2016,$0.00,
319,4808,Pressure Washer,11/2/2016 7:29 PM,11/10/2016 7:48 AM,11/9/2016,$0.00,
319,5091,Angle Grinder,11/10/2016 7:48 AM,11/17/2016 8:32 AM,11/17/2016,$0.00,Renewal
319,4035,Cement Chisel,11/10/2016 7:48 AM,11/17/2016 8:32 AM,11/17/2016,$0.00,Renewal
319,277,"Reciprocating Saw, Cordless",11/10/2016 7:48 AM,11/17/2016 8:32 AM,11/17/2016,$0.00,Renewal
319,5001,Rotary Hammer Drill [lost],11/10/2016 7:48 AM,11/17/2016 8:32 AM,11/17/2016,$0.00,Renewal
319,21,Hot Scraper,11/10/2016 7:48 AM,11/17/2016 8:32 AM,11/17/2016,$0.00,Renewal
319,4432,Paint Sprayer,11/10/2016 7:48 AM,11/17/2016 8:32 AM,11/17/2016,$0.00,Renewal
319,4808,Pressure Washer,11/10/2016 7:48 AM,11/17/2016 8:32 AM,11/17/2016,$0.00,Renewal
319,5091,Angle Grinder,11/17/2016 8:32 AM,11/23/2016 8:12 PM,11/24/2016,$0.00,Renewal
319,4035,Cement Chisel,11/17/2016 8:32 AM,11/23/2016 8:12 PM,11/24/2016,$0.00,Renewal
319,277,"Reciprocating Saw, Cordless",11/17/2016 8:32 AM,11/23/2016 8:12 PM,11/24/2016,$0.00,Renewal
319,5001,Rotary Hammer Drill [lost],11/17/2016 8:32 AM,11/23/2016 8:12 PM,11/24/2016,$0.00,Renewal
319,21,Hot Scraper,11/17/2016 8:32 AM,11/23/2016 8:12 PM,11/24/2016,$0.00,Renewal
319,4432,Paint Sprayer,11/17/2016 8:32 AM,11/23/2016 8:12 PM,11/24/2016,$0.00,Renewal
319,4808,Pressure Washer,11/17/2016 8:32 AM,11/23/2016 8:12 PM,11/24/2016,$0.00,Renewal
458,381,Adjusable Wrench,12/31/2016 11:54 AM,1/1/2017 4:23 PM,1/7/2017,$0.00,
226,4849,Bar Clamp,7/10/2016 5:15 PM,7/16/2016 10:41 AM,7/17/2016,$0.00,
226,4852,Bar Clamp,7/10/2016 5:15 PM,7/16/2016 10:41 AM,7/17/2016,$0.00,
226,4486,Hammer,7/10/2016 5:15 PM,7/16/2016 10:41 AM,7/17/2016,$0.00,
226,4853,Plane,7/10/2016 5:15 PM,7/16/2016 10:41 AM,7/17/2016,$0.00,
226,34,Power Sander,7/10/2016 5:15 PM,7/16/2016 10:41 AM,7/17/2016,$0.00,
226,4849,Bar Clamp,7/16/2016 10:41 AM,7/23/2016 10:51 AM,7/23/2016,$0.00,Renewal
226,4852,Bar Clamp,7/16/2016 10:41 AM,7/23/2016 10:51 AM,7/23/2016,$0.00,Renewal
226,4486,Hammer,7/16/2016 10:41 AM,7/23/2016 10:50 AM,7/23/2016,$0.00,Renewal
226,4853,Plane,7/16/2016 10:41 AM,7/23/2016 10:50 AM,7/23/2016,$0.00,Renewal
226,34,Power Sander,7/16/2016 10:41 AM,7/23/2016 10:50 AM,7/23/2016,$0.00,Renewal
226,4849,Bar Clamp,7/23/2016 10:51 AM,9/4/2016 4:59 PM,7/30/2016,$0.00,Renewal
226,4852,Bar Clamp,7/23/2016 10:51 AM,9/4/2016 4:59 PM,7/30/2016,$0.00,Renewal
226,35,Power Sander,9/24/2016 11:54 AM,10/2/2016 6:24 PM,10/1/2016,$0.00,
226,4609,"Variable Speed Router, 1/2in",9/24/2016 11:55 AM,10/2/2016 6:24 PM,10/1/2016,$0.00,
226,5115,C-clamp,9/24/2016 12:01 PM,10/2/2016 6:24 PM,10/1/2016,$0.00,
226,5116,C-clamp,9/24/2016 12:01 PM,10/2/2016 6:24 PM,10/1/2016,$0.00,
226,5115,C-clamp,10/2/2016 6:24 PM,10/8/2016 11:44 AM,10/9/2016,$0.00,Renewal
226,5116,C-clamp,10/2/2016 6:24 PM,10/8/2016 11:44 AM,10/9/2016,$0.00,Renewal
226,35,Power Sander,10/2/2016 6:24 PM,10/8/2016 11:44 AM,10/9/2016,$0.00,Renewal
226,4609,"Variable Speed Router, 1/2in",10/2/2016 6:24 PM,10/8/2016 11:44 AM,10/9/2016,$0.00,Renewal
226,5115,C-clamp,10/8/2016 11:44 AM,10/16/2016 5:49 PM,10/15/2016,$0.00,Renewal
226,5116,C-clamp,10/8/2016 11:44 AM,10/16/2016 5:49 PM,10/15/2016,$0.00,Renewal
226,35,Power Sander,10/8/2016 11:44 AM,10/16/2016 5:49 PM,10/15/2016,$0.00,Renewal
226,4609,"Variable Speed Router, 1/2in",10/8/2016 11:44 AM,10/16/2016 5:49 PM,10/15/2016,$0.00,Renewal
408,3979,Adjusable Wrench,11/20/2016 6:47 PM,11/27/2016 7:13 PM,11/27/2016,$0.00,
408,3762,Pipe Wrench,11/20/2016 6:47 PM,11/27/2016 7:12 PM,11/27/2016,$0.00,
408,3762,Pipe Wrench,11/27/2016 7:12 PM,12/4/2016 4:15 PM,12/4/2016,$0.00,Renewal
408,3979,Adjusable Wrench,11/27/2016 7:13 PM,12/4/2016 4:15 PM,12/4/2016,$0.00,Renewal
367,5069,Drill Bit Set,11/12/2016 9:35 AM,11/16/2016 6:42 PM,11/19/2016,$0.00,
367,3986,"Open End Wrench, 5/8in, 3/4in",11/12/2016 9:35 AM,11/16/2016 6:42 PM,11/19/2016,$0.00,
367,4159,"Open End Wrench, 3/4in, 7/8in",11/12/2016 9:35 AM,11/16/2016 6:42 PM,11/19/2016,$0.00,
83,676,3/8 Power Drill,1/2/2016 1:14 PM,1/14/2016 7:15 PM,1/9/2016,$0.00,
194,4752,C-clamp,6/15/2016 7:55 PM,6/22/2016 7:00 PM,6/22/2016,$0.00,
194,4751,Miter Saw,6/15/2016 7:55 PM,6/22/2016 7:00 PM,6/22/2016,$0.00,
194,3850,Corner Clamp,6/15/2016 7:55 PM,6/22/2016 7:00 PM,6/22/2016,$0.00,
194,192,Corner Level,6/15/2016 7:55 PM,6/22/2016 7:00 PM,6/22/2016,$0.00,
194,4727,Post Hole Digger,6/15/2016 7:55 PM,6/22/2016 7:00 PM,6/22/2016,$0.00,
194,4676,Quick Grip Clamp,6/15/2016 7:55 PM,6/22/2016 7:00 PM,6/22/2016,$0.00,
194,4773,Bar Clamp,6/18/2016 12:38 PM,6/22/2016 7:04 PM,6/25/2016,$0.00,
194,4774,Bar Clamp,6/18/2016 12:38 PM,6/22/2016 7:04 PM,6/25/2016,$0.00,
194,4771,Rectangular Bucket,6/18/2016 12:38 PM,6/22/2016 7:02 PM,6/25/2016,$0.00,
194,4772,Level,6/18/2016 12:38 PM,6/22/2016 7:02 PM,6/25/2016,$0.00,
194,3739,Power Sander,6/18/2016 12:38 PM,6/22/2016 7:02 PM,6/25/2016,$0.00,
194,4396,Quick Grip Clamp,6/18/2016 12:38 PM,6/22/2016 7:02 PM,6/25/2016,$0.00,
194,4752,C-clamp,6/22/2016 7:00 PM,6/29/2016 7:01 PM,6/29/2016,$0.00,Renewal
194,4751,Miter Saw,6/22/2016 7:00 PM,6/29/2016 7:01 PM,6/29/2016,$0.00,Renewal
194,3850,Corner Clamp,6/22/2016 7:00 PM,6/29/2016 7:01 PM,6/29/2016,$0.00,Renewal
194,192,Corner Level,6/22/2016 7:00 PM,6/29/2016 7:01 PM,6/29/2016,$0.00,Renewal
194,4727,Post Hole Digger,6/22/2016 7:00 PM,6/29/2016 7:01 PM,6/29/2016,$0.00,Renewal
194,4676,Quick Grip Clamp,6/22/2016 7:00 PM,6/29/2016 7:01 PM,6/29/2016,$0.00,Renewal
194,4771,Rectangular Bucket,6/22/2016 7:02 PM,6/29/2016 7:01 PM,6/29/2016,$0.00,Renewal
194,4772,Level,6/22/2016 7:02 PM,6/29/2016 7:01 PM,6/29/2016,$0.00,Renewal
194,3739,Power Sander,6/22/2016 7:02 PM,6/29/2016 7:01 PM,6/29/2016,$0.00,Renewal
194,4396,Quick Grip Clamp,6/22/2016 7:02 PM,6/29/2016 7:01 PM,6/29/2016,$0.00,Renewal
194,4773,Bar Clamp,6/22/2016 7:04 PM,6/29/2016 7:01 PM,6/29/2016,$0.00,Renewal
194,4774,Bar Clamp,6/22/2016 7:04 PM,6/29/2016 7:01 PM,6/29/2016,$0.00,Renewal
194,4773,Bar Clamp,7/2/2016 11:04 AM,7/9/2016 11:27 AM,7/9/2016,$0.00,
194,4816,Belt Sander,7/2/2016 11:04 AM,7/9/2016 11:27 AM,7/9/2016,$0.00,
194,4752,C-clamp,7/2/2016 11:04 AM,7/9/2016 11:27 AM,7/9/2016,$0.00,
194,39,Random Orbit Sander With Vaccuum Bag,7/2/2016 11:04 AM,7/9/2016 11:27 AM,7/9/2016,$0.00,
194,4751,Miter Saw,11/19/2016 11:15 AM,11/26/2016 12:19 AM,11/26/2016,$0.00,
194,3852,Corner Clamp,11/19/2016 11:15 AM,11/26/2016 12:19 AM,11/26/2016,$0.00,
194,3861,Corner Clamp,11/19/2016 11:15 AM,11/26/2016 12:19 AM,11/26/2016,$0.00,
194,4751,Miter Saw,11/26/2016 12:19 AM,12/3/2016 11:32 AM,12/3/2016,$0.00,Renewal
194,3861,Corner Clamp,11/26/2016 12:19 AM,12/3/2016 11:32 AM,12/3/2016,$0.00,Renewal
194,3852,Corner Clamp,11/26/2016 12:19 AM,12/3/2016 11:32 AM,12/3/2016,$0.00,Renewal
194,4751,Miter Saw,12/3/2016 11:32 AM,12/10/2016 11:21 AM,12/10/2016,$0.00,Renewal
194,3852,Corner Clamp,12/3/2016 11:32 AM,12/10/2016 11:21 AM,12/10/2016,$0.00,Renewal
194,3861,Corner Clamp,12/3/2016 11:32 AM,12/10/2016 11:21 AM,12/10/2016,$0.00,Renewal
183,4520,Battery Charger,6/11/2016 9:32 AM,6/11/2016 11:54 AM,6/18/2016,$0.00,
183,4519,Cordless Drill,6/11/2016 9:32 AM,6/11/2016 11:54 AM,6/18/2016,$0.00,
51,1,Dehydrator,4/2/2016 12:37 PM,4/28/2016 5:36 PM,4/3/2016,$0.00,
51,4551,Crock Pot,7/9/2016 1:35 PM,7/10/2016 7:51 PM,7/16/2016,$0.00,
51,1,Dehydrator,8/17/2016 11:07 AM,9/3/2016 9:30 AM,8/24/2016,$0.00,
51,3813,Rubber Mallet,9/27/2016 10:54 PM,10/9/2016 9:47 AM,10/8/2016,$0.00,
264,1,Dehydrator,8/7/2016 5:11 PM,8/14/2016 3:47 PM,8/14/2016,$0.00,
264,209,Fruit Picker,8/7/2016 5:11 PM,8/14/2016 3:47 PM,8/14/2016,$0.00,
273,4990,Yard Trimmer/Weed Whacker,8/13/2016 9:53 AM,8/20/2016 9:30 AM,8/20/2016,$0.00,
273,4941,Extension Cord,8/13/2016 9:53 AM,8/20/2016 9:30 AM,8/20/2016,$0.00,
273,4805,Hoe,8/13/2016 9:53 AM,8/20/2016 9:30 AM,8/20/2016,$0.00,
116,4994,Chain Repair Kit,7/30/2016 11:09 AM,10/5/2016 6:51 PM,8/6/2016,$0.00,
116,39,Random Orbit Sander With Vaccuum Bag,7/30/2016 11:09 AM,7/30/2016 11:48 AM,8/6/2016,$0.00,
116,4840,Power Sander,7/30/2016 11:48 AM,10/5/2016 6:51 PM,8/6/2016,$0.00,
406,216,Claw Hammer,11/19/2016 11:41 AM,11/26/2016 11:21 AM,11/26/2016,$0.00,
406,4250,Phillips Screwdriver,11/19/2016 11:41 AM,11/26/2016 11:21 AM,11/26/2016,$0.00,
406,4535,Pliers,11/19/2016 11:41 AM,11/26/2016 11:21 AM,11/26/2016,$0.00,
344,260,Plastic Bucket,10/2/2016 6:54 PM,10/25/2016 4:14 PM,10/9/2016,$0.00,
344,260,Plastic Bucket,10/25/2016 4:14 PM,11/16/2016 8:09 PM,11/9/2016,$0.00,Renewal
344,361,Bucket,12/15/2016 9:06 PM,1/3/2017 11:14 AM,12/22/2016,$0.00,
385,2629,Sewing Machine,11/2/2016 7:27 PM,11/6/2016 4:50 PM,11/9/2016,$0.00,
243,3819,Cordless Drill,7/23/2016 10:53 AM,7/31/2016 11:47 AM,7/30/2016,$0.00,
243,4546,Level,7/23/2016 10:53 AM,7/31/2016 11:47 AM,7/30/2016,$0.00,
243,3819,Cordless Drill,7/31/2016 11:47 AM,8/10/2016 3:38 PM,8/7/2016,$0.00,Renewal
243,4546,Level,7/31/2016 11:47 AM,8/10/2016 3:38 PM,8/7/2016,$0.00,Renewal
243,3819,Cordless Drill,8/10/2016 3:38 PM,8/27/2016 11:40 AM,8/17/2016,$0.00,Renewal
243,4546,Level,8/10/2016 3:38 PM,8/27/2016 11:40 AM,8/17/2016,$0.00,Renewal
442,5207,Power Sander,12/14/2016 8:27 PM,1/7/2017 11:35 AM,12/21/2016,$0.00,
419,5136,Bike Stand,12/4/2016 6:19 PM,12/11/2016 6:37 PM,12/11/2016,$0.00,
419,5136,Bike Stand,12/11/2016 6:37 PM,12/18/2016 6:49 PM,12/18/2016,$0.00,Renewal
117,4714,18V Ryobi Battery BATT_A,10/12/2016 8:05 PM,10/19/2016 6:55 PM,10/19/2016,$0.00,
117,4826,Cordless Drill,10/12/2016 8:05 PM,10/19/2016 6:55 PM,10/19/2016,$0.00,
117,4546,Level,10/12/2016 8:05 PM,10/19/2016 6:55 PM,10/19/2016,$0.00,
289,4834,Miter Saw,8/20/2016 9:45 AM,8/27/2016 11:19 AM,8/27/2016,$0.00,
289,4834,Miter Saw,8/27/2016 11:19 AM,9/10/2016 10:23 AM,9/3/2016,$0.00,Renewal
289,212,Level,9/10/2016 10:44 AM,9/17/2016 12:16 PM,9/17/2016,$0.00,
289,213,Broom,9/10/2016 10:44 AM,9/17/2016 12:16 PM,9/17/2016,$0.00,
289,28,Square,9/10/2016 10:44 AM,9/17/2016 12:16 PM,9/17/2016,$0.00,
289,212,Level,9/17/2016 12:16 PM,9/28/2016 8:54 PM,9/24/2016,$0.00,Renewal
289,28,Square,9/17/2016 12:16 PM,9/28/2016 8:54 PM,9/24/2016,$0.00,Renewal
289,3870,Serger,12/28/2016 6:31 PM,1/4/2017 6:57 PM,1/4/2017,$0.00,
289,2629,Sewing Machine,12/28/2016 6:31 PM,1/4/2017 6:57 PM,1/4/2017,$0.00,
235,4703,Claw Hammer,7/20/2016 7:03 PM,8/10/2016 8:07 PM,7/27/2016,$0.00,
235,4952,Flat Screwdriver,7/20/2016 7:03 PM,8/10/2016 8:07 PM,7/27/2016,$0.00,
235,4953,Flat Screwdriver,7/20/2016 7:03 PM,8/10/2016 8:07 PM,7/27/2016,$0.00,
235,4954,Flat Screwdriver,7/20/2016 7:03 PM,8/10/2016 8:07 PM,7/27/2016,$0.00,
235,4555,Nut Driver,7/20/2016 7:03 PM,8/10/2016 8:07 PM,7/27/2016,$0.00,
235,3782,Phillips Screwdriver,7/20/2016 7:03 PM,8/10/2016 8:07 PM,7/27/2016,$0.00,
235,3977,Phillips Screwdriver,7/20/2016 7:03 PM,8/10/2016 8:07 PM,7/27/2016,$0.00,
235,4719,Tape Measure,7/20/2016 7:03 PM,8/10/2016 8:07 PM,7/27/2016,$0.00,
235,1,Dehydrator,9/11/2016 4:17 PM,10/9/2016 5:47 PM,9/18/2016,$0.00,
159,4427,18V Battery BATT_A,5/22/2016 6:30 PM,5/28/2016 11:54 AM,5/29/2016,$0.00,
159,4425,Cordless Drill,5/22/2016 6:30 PM,5/28/2016 11:54 AM,5/29/2016,$0.00,
159,4465,Hand Saw,5/22/2016 6:30 PM,5/28/2016 11:54 AM,5/29/2016,$0.00,
94,4419,Candy Thermometer,9/3/2016 11:55 AM,9/10/2016 9:34 AM,9/10/2016,$0.00,
94,4217,Flat Screwdriver,9/3/2016 11:55 AM,9/10/2016 9:34 AM,9/10/2016,$0.00,
94,4919,Phillips Screwdriver,9/3/2016 11:55 AM,9/10/2016 9:34 AM,9/10/2016,$0.00,
94,4934,Corded Drill,9/3/2016 11:55 AM,9/10/2016 9:34 AM,9/10/2016,$0.00,
94,5043,Stud Finder,9/3/2016 11:55 AM,9/10/2016 9:34 AM,9/10/2016,$0.00,
94,3916,Hammer,9/3/2016 11:57 AM,9/10/2016 9:34 AM,9/10/2016,$0.00,
94,3916,Hammer,9/10/2016 9:34 AM,9/18/2016 7:01 PM,9/17/2016,$0.00,Renewal
94,4419,Candy Thermometer,9/10/2016 9:34 AM,9/18/2016 7:01 PM,9/17/2016,$0.00,Renewal
94,4217,Flat Screwdriver,9/10/2016 9:34 AM,9/18/2016 7:01 PM,9/17/2016,$0.00,Renewal
94,4919,Phillips Screwdriver,9/10/2016 9:34 AM,9/18/2016 7:01 PM,9/17/2016,$0.00,Renewal
94,4934,Corded Drill,9/10/2016 9:34 AM,9/18/2016 7:01 PM,9/17/2016,$0.00,Renewal
94,5043,Stud Finder,9/10/2016 9:34 AM,9/18/2016 7:01 PM,9/17/2016,$0.00,Renewal
94,224,Auger Bit Set,9/10/2016 11:45 AM,9/18/2016 7:01 PM,9/17/2016,$0.00,
94,98,"Screwdriver, #9",9/10/2016 11:45 AM,9/18/2016 7:01 PM,9/17/2016,$0.00,
94,4714,18V Ryobi Battery BATT_A,9/28/2016 7:14 PM,10/5/2016 8:39 PM,10/5/2016,$0.00,
94,658,Allen Wrench Set,9/28/2016 7:14 PM,10/5/2016 8:39 PM,10/5/2016,$0.00,
94,3923,Claw Hammer,9/28/2016 7:14 PM,10/5/2016 8:39 PM,10/5/2016,$0.00,
94,4826,Cordless Drill,9/28/2016 7:14 PM,10/5/2016 8:39 PM,10/5/2016,$0.00,
94,4996,Bit Set,9/28/2016 7:14 PM,10/5/2016 8:39 PM,10/5/2016,$0.00,
94,4811,Level,9/28/2016 7:14 PM,10/5/2016 8:39 PM,10/5/2016,$0.00,
94,3779,Phillips Screwdriver,9/28/2016 7:14 PM,10/5/2016 8:39 PM,10/5/2016,$0.00,
94,3808,Phillips Screwdriver,9/28/2016 7:14 PM,10/5/2016 8:39 PM,10/5/2016,$0.00,
94,4633,Staple Gun,9/28/2016 7:14 PM,10/5/2016 8:39 PM,10/5/2016,$0.00,
94,5043,Stud Finder,9/28/2016 7:14 PM,10/5/2016 8:39 PM,10/5/2016,$0.00,
94,4719,Tape Measure,9/28/2016 7:14 PM,10/5/2016 8:39 PM,10/5/2016,$0.00,
94,4679,Ryobi Battery Charger,10/1/2016 10:45 AM,10/5/2016 8:39 PM,10/8/2016,$0.00,
94,658,Allen Wrench Set,10/5/2016 8:39 PM,12/3/2016 11:48 AM,10/12/2016,$0.00,Renewal
94,4427,18V Battery BATT_A,12/3/2016 12:09 PM,10/8/2017 4:56 PM,12/10/2016,$0.00,
94,4683,18V Ryobi Battery BATT_A,12/3/2016 12:09 PM,10/8/2017 4:56 PM,12/10/2016,$0.00,
94,216,Claw Hammer,12/3/2016 12:09 PM,10/8/2017 4:56 PM,12/10/2016,$0.00,
94,4826,Cordless Drill,12/3/2016 12:09 PM,10/8/2017 4:56 PM,12/10/2016,$0.00,
94,5070,Drill Bit Set,12/3/2016 12:09 PM,10/8/2017 4:56 PM,12/10/2016,$0.00,
94,387,Key Hole Saw,12/3/2016 12:09 PM,10/8/2017 4:56 PM,12/10/2016,$0.00,
94,3976,Phillips Screwdriver,12/3/2016 12:09 PM,10/8/2017 4:56 PM,12/10/2016,$0.00,
94,4653,Tape Knife,12/3/2016 12:09 PM,10/8/2017 4:56 PM,12/10/2016,$0.00,
94,408,"Hand Saw, Large",12/3/2016 12:09 PM,10/8/2017 4:56 PM,12/10/2016,$0.00,
94,4925,Metal Handsaw,12/3/2016 12:09 PM,10/8/2017 4:56 PM,12/10/2016,$0.00,
94,4946,T-square,12/3/2016 12:09 PM,10/8/2017 4:56 PM,12/10/2016,$0.00,
94,4719,Tape Measure,12/3/2016 12:09 PM,10/8/2017 4:56 PM,12/10/2016,$0.00,
94,4125,Box Cutter,12/3/2016 12:09 PM,10/8/2017 4:56 PM,12/10/2016,$0.00,
177,4333,Corded Drill,6/4/2016 10:57 AM,6/4/2016 11:17 AM,6/11/2016,$0.00,
177,4427,18V Battery BATT_A,6/4/2016 11:17 AM,6/12/2016 6:05 PM,6/11/2016,$0.00,
177,4683,18V Ryobi Battery BATT_A,6/4/2016 11:17 AM,7/6/2016 7:42 PM,6/11/2016,$0.00,
177,4714,18V Ryobi Battery BATT_A,6/4/2016 11:17 AM,7/6/2016 7:39 PM,6/11/2016,$0.00,
177,4425,Cordless Drill,6/4/2016 11:17 AM,6/12/2016 6:05 PM,6/11/2016,$0.00,
177,5011,Hand Saw,9/14/2016 7:37 PM,3/2/2019 4:21 AM,9/21/2016,$0.00,
337,4993,"Saw Horse, Folding",9/28/2016 7:16 PM,3/2/2019 4:22 AM,10/5/2016,$0.00,
337,5000,"Saw Horse, Folding",9/28/2016 7:16 PM,3/2/2019 4:22 AM,10/5/2016,$0.00,
337,661,"Socket Set, Metric",9/28/2016 7:16 PM,3/2/2019 4:22 AM,10/5/2016,$0.00,
337,4898,Socket Wrench,9/28/2016 7:16 PM,3/2/2019 4:22 AM,10/5/2016,$0.00,
170,3858,Shears,5/29/2016 4:40 PM,6/5/2016 4:34 PM,6/5/2016,$0.00,
170,3953,Pitchfork,5/29/2016 4:40 PM,6/5/2016 4:34 PM,6/5/2016,$0.00,
170,402,Pick Mattock,6/26/2016 4:50 PM,7/3/2016 4:56 PM,7/3/2016,$0.00,
107,4751,Miter Saw,8/24/2016 6:55 PM,9/10/2016 11:46 AM,8/31/2016,$0.00,
107,4825,Power Sander With Vacuum Bag,8/24/2016 6:55 PM,9/10/2016 11:46 AM,8/31/2016,$0.00,
107,3743,Circular Saw,10/15/2016 11:31 AM,10/22/2016 11:41 AM,10/22/2016,$0.00,
107,4825,Power Sander With Vacuum Bag,10/15/2016 11:31 AM,10/22/2016 11:41 AM,10/22/2016,$0.00,
107,4686,Dremel Set,10/26/2016 6:50 PM,11/23/2016 7:50 PM,11/2/2016,$0.00,
107,825,Power Sander,10/29/2016 11:47 AM,11/23/2016 7:50 PM,11/5/2016,$0.00,
327,4524,Bit Set,9/18/2016 4:37 PM,9/24/2016 11:56 AM,9/25/2016,$0.00,
327,5054,Cordless Drill,9/18/2016 4:37 PM,9/24/2016 11:56 AM,9/25/2016,$0.00,
327,4524,Bit Set,9/24/2016 11:56 AM,10/15/2016 10:46 AM,10/1/2016,$0.00,Renewal
327,5054,Cordless Drill,9/24/2016 11:56 AM,10/15/2016 10:46 AM,10/1/2016,$0.00,Renewal
327,5054,Cordless Drill,10/19/2016 8:15 PM,11/6/2016 5:52 PM,10/26/2016,$0.00,
333,5109,Air Compressor Hose,9/25/2016 4:49 PM,10/1/2016 4:39 PM,10/2/2016,$0.00,
333,654,"Finish Nailer, Pneumatic",9/25/2016 4:49 PM,10/1/2016 4:39 PM,10/2/2016,$0.00,
333,4834,Miter Saw,9/25/2016 4:49 PM,10/1/2016 4:39 PM,10/2/2016,$0.00,
333,5109,Air Compressor Hose,10/1/2016 4:39 PM,10/9/2016 5:09 PM,10/9/2016,$0.00,Renewal
333,654,"Finish Nailer, Pneumatic",10/1/2016 4:39 PM,10/9/2016 5:09 PM,10/9/2016,$0.00,Renewal
333,4834,Miter Saw,10/1/2016 4:39 PM,10/9/2016 5:09 PM,10/9/2016,$0.00,Renewal
333,4941,Extension Cord,10/8/2016 9:45 AM,10/9/2016 5:09 PM,10/15/2016,$0.00,
333,5013,"Power Sander, Palm Grip",10/8/2016 9:45 AM,10/9/2016 5:09 PM,10/15/2016,$0.00,
333,4523,"Hand Saw, Narrow",10/8/2016 9:45 AM,10/9/2016 5:09 PM,10/15/2016,$0.00,
333,4834,Miter Saw,10/9/2016 5:09 PM,10/9/2016 6:14 PM,10/16/2016,$0.00,Renewal
333,4941,Extension Cord,10/9/2016 5:09 PM,10/9/2016 6:14 PM,10/16/2016,$0.00,Renewal
333,5013,"Power Sander, Palm Grip",10/9/2016 5:09 PM,10/9/2016 6:14 PM,10/16/2016,$0.00,Renewal
333,4523,"Hand Saw, Narrow",10/9/2016 5:09 PM,10/9/2016 6:14 PM,10/16/2016,$0.00,Renewal
333,3940,Hack Saw,10/9/2016 5:40 PM,10/9/2016 6:14 PM,10/16/2016,$0.00,
333,1603,Hack Saw Guide,10/9/2016 5:40 PM,10/9/2016 6:14 PM,10/16/2016,$0.00,
333,379,Pipe Wrench,10/9/2016 5:40 PM,10/9/2016 6:14 PM,10/16/2016,$0.00,
333,5120,Quick Grip Clamp,10/9/2016 5:40 PM,10/9/2016 6:14 PM,10/16/2016,$0.00,
333,5121,Shop Vac 10 Gallon,10/9/2016 5:40 PM,10/9/2016 6:14 PM,10/16/2016,$0.00,
333,4834,Miter Saw,10/9/2016 6:14 PM,10/19/2016 8:45 PM,10/16/2016,$0.00,Renewal
333,4941,Extension Cord,10/9/2016 6:14 PM,10/16/2016 4:13 PM,10/16/2016,$0.00,Renewal
333,3940,Hack Saw,10/9/2016 6:14 PM,10/16/2016 4:13 PM,10/16/2016,$0.00,Renewal
333,1603,Hack Saw Guide,10/9/2016 6:14 PM,10/16/2016 4:13 PM,10/16/2016,$0.00,Renewal
333,379,Pipe Wrench,10/9/2016 6:14 PM,10/23/2016 12:59 PM,10/16/2016,$0.00,Renewal
333,5013,"Power Sander, Palm Grip",10/9/2016 6:14 PM,10/16/2016 4:13 PM,10/16/2016,$0.00,Renewal
333,5120,Quick Grip Clamp,10/9/2016 6:14 PM,10/16/2016 4:13 PM,10/16/2016,$0.00,Renewal
333,4523,"Hand Saw, Narrow",10/9/2016 6:14 PM,10/23/2016 12:59 PM,10/16/2016,$0.00,Renewal
333,215,"Shop Vac, Wet Only, 8 Gal",10/9/2016 6:14 PM,10/16/2016 4:13 PM,10/16/2016,$0.00,
333,4941,Extension Cord,10/16/2016 4:13 PM,10/23/2016 1:34 PM,10/23/2016,$0.00,Renewal
333,3940,Hack Saw,10/16/2016 4:13 PM,10/23/2016 1:34 PM,10/23/2016,$0.00,Renewal
333,1603,Hack Saw Guide,10/16/2016 4:13 PM,10/23/2016 1:34 PM,10/23/2016,$0.00,Renewal
333,5013,"Power Sander, Palm Grip",10/16/2016 4:13 PM,10/23/2016 1:34 PM,10/23/2016,$0.00,Renewal
333,5120,Quick Grip Clamp,10/16/2016 4:13 PM,10/23/2016 1:34 PM,10/23/2016,$0.00,Renewal
333,215,"Shop Vac, Wet Only, 8 Gal",10/16/2016 4:13 PM,10/23/2016 1:34 PM,10/23/2016,$0.00,Renewal
333,379,Pipe Wrench,10/23/2016 12:59 PM,10/26/2016 8:10 PM,10/30/2016,$0.00,Renewal
333,4523,"Hand Saw, Narrow",10/23/2016 12:59 PM,10/26/2016 8:23 PM,10/30/2016,$0.00,Renewal
333,4941,Extension Cord,10/23/2016 1:34 PM,10/26/2016 8:09 PM,10/30/2016,$0.00,Renewal
333,3940,Hack Saw,10/23/2016 1:34 PM,10/26/2016 8:09 PM,10/30/2016,$0.00,Renewal
333,1603,Hack Saw Guide,10/23/2016 1:34 PM,10/26/2016 8:09 PM,10/30/2016,$0.00,Renewal
333,5013,"Power Sander, Palm Grip",10/23/2016 1:34 PM,10/26/2016 8:09 PM,10/30/2016,$0.00,Renewal
333,5120,Quick Grip Clamp,10/23/2016 1:34 PM,10/26/2016 8:09 PM,10/30/2016,$0.00,Renewal
333,215,"Shop Vac, Wet Only, 8 Gal",10/23/2016 1:34 PM,10/26/2016 8:09 PM,10/30/2016,$0.00,Renewal
333,278,Bar Clamp,10/29/2016 10:33 AM,11/6/2016 6:28 PM,11/5/2016,$0.00,
333,3940,Hack Saw,10/29/2016 10:33 AM,11/6/2016 6:28 PM,11/5/2016,$0.00,
333,1603,Hack Saw Guide,10/29/2016 10:33 AM,11/6/2016 6:28 PM,11/5/2016,$0.00,
333,4739,Broom,10/29/2016 10:33 AM,11/6/2016 6:28 PM,11/5/2016,$0.00,
253,3850,Corner Clamp,7/30/2016 11:15 AM,8/20/2016 10:31 AM,8/6/2016,$0.00,
253,3852,Corner Clamp,7/30/2016 11:15 AM,8/20/2016 10:31 AM,8/6/2016,$0.00,
253,3860,Corner Clamp,7/30/2016 11:15 AM,8/20/2016 10:31 AM,8/6/2016,$0.00,
253,4039,Corner Clamp,7/30/2016 11:15 AM,8/20/2016 10:31 AM,8/6/2016,$0.00,
161,4711,Soldering Iron,6/4/2016 10:37 AM,6/19/2016 4:17 PM,6/11/2016,$0.00,
161,155,"Torx Screwdriver, T15",6/19/2016 4:17 PM,7/20/2016 8:13 PM,6/26/2016,$0.00,
161,4138,Tire Iron,6/19/2016 4:21 PM,7/20/2016 8:13 PM,6/26/2016,$0.00,
161,673,Rubber Mallet,6/19/2016 4:21 PM,7/20/2016 8:13 PM,6/26/2016,$0.00,
120,230,Titanium Nitride Coated Drill Bits,10/12/2016 6:51 PM,10/24/2016 10:22 AM,10/19/2016,$0.00,
120,230,Titanium Nitride Coated Drill Bits,10/24/2016 10:22 AM,11/7/2016 8:01 AM,10/31/2016,$0.00,Renewal
227,3820,Battery Charger,7/10/2016 5:31 PM,7/17/2016 4:40 PM,7/17/2016,$0.00,
227,3752,"Cordless Drill, 3/8in",7/10/2016 5:31 PM,7/17/2016 4:40 PM,7/17/2016,$0.00,
227,4720,Rechargable Battery,7/10/2016 5:31 PM,7/17/2016 4:40 PM,7/17/2016,$0.00,
255,4999,Oscilloscope,7/31/2016 5:56 PM,8/2/2016 6:41 PM,8/7/2016,$0.00,
255,2629,Sewing Machine,9/18/2016 6:48 PM,9/25/2016 6:55 PM,9/25/2016,$0.00,
255,2629,Sewing Machine,9/25/2016 6:55 PM,10/12/2016 7:12 PM,10/2/2016,$0.00,Renewal
376,4976,Third Hand,10/29/2016 10:50 AM,10/30/2016 6:14 PM,11/5/2016,$0.00,
376,1055,Glue Gun,10/29/2016 10:50 AM,10/30/2016 6:14 PM,11/5/2016,$0.00,
376,4018,Garden Shears,10/29/2016 10:50 AM,10/30/2016 6:14 PM,11/5/2016,$0.00,
376,4711,Soldering Iron,10/29/2016 10:50 AM,10/30/2016 6:14 PM,11/5/2016,$0.00,
376,279,Soldering Iron Holder,10/29/2016 10:50 AM,10/30/2016 6:14 PM,11/5/2016,$0.00,
376,4585,Wire Stripper,10/29/2016 10:50 AM,10/30/2016 6:14 PM,11/5/2016,$0.00,
376,4585,Wire Stripper,10/30/2016 6:21 PM,11/5/2016 11:57 AM,11/6/2016,$0.00,
371,5027,Ladder,10/26/2016 7:34 PM,11/2/2016 8:48 PM,11/2/2016,$0.00,
124,404,Jigsaw,7/3/2016 4:47 PM,7/10/2016 5:03 PM,7/10/2016,$0.00,
124,4819,Soldering Gun,10/1/2016 12:13 PM,10/7/2016 3:03 PM,10/8/2016,$0.00,
124,4819,Soldering Gun,10/7/2016 3:03 PM,10/22/2016 11:41 AM,10/15/2016,$0.00,Renewal
124,4810,Cordless Drill,10/22/2016 11:49 AM,10/28/2016 3:50 PM,10/29/2016,$0.00,
124,4810,Cordless Drill,10/28/2016 3:50 PM,11/13/2016 4:32 PM,11/5/2016,$0.00,Renewal
400,5035,Jigsaw,11/13/2016 4:34 PM,11/13/2016 5:21 PM,11/20/2016,$0.00,
400,3751,Corded Drill,11/13/2016 4:34 PM,11/13/2016 5:21 PM,11/20/2016,$0.00,
277,4773,Bar Clamp,12/21/2016 7:25 PM,12/28/2016 7:03 PM,12/28/2016,$0.00,
277,3837,Chisel,12/21/2016 7:25 PM,12/28/2016 7:03 PM,12/28/2016,$0.00,
246,4934,Corded Drill,8/10/2016 7:45 PM,8/17/2016 8:53 PM,8/17/2016,$0.00,
359,4774,Bar Clamp,11/19/2016 11:27 AM,11/26/2016 11:53 AM,11/26/2016,$0.00,
359,4829,Bar Clamp,11/19/2016 11:27 AM,11/26/2016 11:53 AM,11/26/2016,$0.00,
359,278,Bar Clamp,11/19/2016 11:27 AM,11/26/2016 11:53 AM,11/26/2016,$0.00,
359,5041,Quick Grip Clamp,11/19/2016 11:27 AM,11/26/2016 11:53 AM,11/26/2016,$0.00,
259,4432,Paint Sprayer,8/7/2016 4:39 PM,8/21/2016 5:33 PM,8/14/2016,$0.00,
263,5009,Dolly,8/7/2016 5:21 PM,8/14/2016 5:48 PM,8/14/2016,$0.00,
263,5010,Stapler,8/7/2016 5:21 PM,8/14/2016 6:00 PM,8/14/2016,$0.00,
263,5009,Dolly,8/14/2016 5:48 PM,8/14/2016 6:00 PM,8/21/2016,$0.00,Renewal
263,5009,Dolly,8/14/2016 6:00 PM,8/21/2016 4:29 PM,8/21/2016,$0.00,Renewal
123,4427,18V Battery BATT_A,4/30/2016 2:11 PM,5/1/2016 4:09 PM,5/7/2016,$0.00,
123,4515,Circular Saw,4/30/2016 2:11 PM,5/1/2016 4:09 PM,5/7/2016,$0.00,
123,4015,Hack Saw,4/30/2016 2:11 PM,5/1/2016 4:09 PM,5/7/2016,$0.00,
123,4503,Quick Grip Clamp,4/30/2016 2:11 PM,5/1/2016 4:09 PM,5/7/2016,$0.00,
123,4681,18V Battery Ryobi BATT_A,7/31/2016 5:37 PM,8/3/2016 7:08 PM,8/7/2016,$0.00,
123,4682,18V Battery Ryobi BATT_A,7/31/2016 5:37 PM,8/3/2016 7:08 PM,8/7/2016,$0.00,
123,4998,Cordless Drill,7/31/2016 5:37 PM,8/3/2016 7:08 PM,8/7/2016,$0.00,
123,4679,Ryobi Battery Charger,7/31/2016 5:37 PM,8/3/2016 7:08 PM,8/7/2016,$0.00,
278,4119,Grommet Pliers,8/17/2016 7:05 PM,8/21/2016 4:17 PM,8/24/2016,$0.00,
278,4113,Leather Punch,10/22/2016 10:59 AM,10/29/2016 11:00 AM,10/29/2016,$0.00,
366,5114,Claw Hammer,10/23/2016 5:37 PM,10/30/2016 4:47 PM,10/30/2016,$0.00,
311,4936,Extension Cord,9/10/2016 10:50 AM,9/11/2016 6:49 PM,9/17/2016,$0.00,
311,185,Jigsaw,9/10/2016 10:50 AM,9/11/2016 6:49 PM,9/17/2016,$0.00,
311,216,Claw Hammer,9/10/2016 11:20 AM,9/17/2016 11:10 AM,9/17/2016,$0.00,
311,4889,Chisel,9/10/2016 11:20 AM,9/17/2016 11:10 AM,9/17/2016,$0.00,
311,4883,Phillips Screwdriver,9/10/2016 11:20 AM,9/11/2016 6:49 PM,9/17/2016,$0.00,
311,219,"Phillips Screwdriver, Small",9/10/2016 11:20 AM,9/11/2016 6:49 PM,9/17/2016,$0.00,
311,1934,Pliers,9/10/2016 11:20 AM,9/17/2016 11:10 AM,9/17/2016,$0.00,
311,218,Pry Bar,9/10/2016 11:20 AM,9/17/2016 11:10 AM,9/17/2016,$0.00,
201,765,Key Hole Saw,6/22/2016 8:18 PM,9/18/2016 6:51 PM,6/29/2016,$0.00,
454,368,Laser Level,12/28/2016 6:43 PM,1/7/2017 9:07 AM,1/4/2017,$0.00,
175,306,Router,11/26/2016 10:39 AM,12/4/2016 1:36 PM,12/3/2016,$0.00,
285,662,Belt Sander,8/17/2016 6:26 PM,8/24/2016 1:36 PM,8/24/2016,$0.00,
285,3752,"Cordless Drill, 3/8in",8/17/2016 6:26 PM,8/24/2016 1:35 PM,8/24/2016,$0.00,
285,4814,Power Sander,8/17/2016 6:26 PM,8/24/2016 1:36 PM,8/24/2016,$0.00,
285,3752,"Cordless Drill, 3/8in",8/24/2016 1:35 PM,8/31/2016 7:09 PM,8/31/2016,$0.00,Renewal
285,662,Belt Sander,8/24/2016 1:36 PM,8/31/2016 7:09 PM,8/31/2016,$0.00,Renewal
285,4814,Power Sander,8/24/2016 1:36 PM,8/31/2016 7:09 PM,8/31/2016,$0.00,Renewal
184,3952,Post Hole Digger,6/11/2016 10:45 AM,6/12/2016 6:32 PM,6/18/2016,$0.00,
150,4425,Cordless Drill,5/11/2016 6:42 PM,5/15/2016 5:03 PM,5/18/2016,$0.00,
150,4427,18V Battery BATT_A,5/11/2016 8:19 PM,5/15/2016 5:03 PM,5/18/2016,$0.00,
150,3820,Battery Charger,6/8/2016 6:32 PM,6/22/2016 7:25 PM,6/15/2016,$0.00,
150,3752,"Cordless Drill, 3/8in",6/8/2016 6:32 PM,6/22/2016 7:25 PM,6/15/2016,$0.00,
150,4720,Rechargable Battery,6/8/2016 6:32 PM,7/10/2016 5:30 PM,6/15/2016,$0.00,
378,4727,Post Hole Digger,10/30/2016 4:58 PM,11/6/2016 4:11 PM,11/6/2016,$0.00,
351,3923,Claw Hammer,10/15/2016 12:10 PM,10/23/2016 4:09 PM,10/22/2016,$0.00,
351,270,Jigsaw,10/15/2016 12:10 PM,10/23/2016 4:09 PM,10/22/2016,$0.00,
304,3819,Cordless Drill,9/3/2016 12:02 PM,9/10/2016 10:46 AM,9/10/2016,$0.00,
304,46,Level,9/3/2016 12:02 PM,9/10/2016 10:46 AM,9/10/2016,$0.00,
304,4543,Stud Finder,9/3/2016 12:02 PM,9/10/2016 10:47 AM,9/10/2016,$0.00,
304,3819,Cordless Drill,9/10/2016 10:46 AM,9/18/2016 4:06 PM,9/17/2016,$0.00,Renewal
304,46,Level,9/10/2016 10:46 AM,9/18/2016 4:06 PM,9/17/2016,$0.00,Renewal
304,4543,Stud Finder,9/10/2016 10:47 AM,9/18/2016 4:06 PM,9/17/2016,$0.00,Renewal
304,3819,Cordless Drill,9/18/2016 4:06 PM,9/25/2016 6:48 PM,9/25/2016,$0.00,Renewal
304,46,Level,9/18/2016 4:06 PM,9/25/2016 6:48 PM,9/25/2016,$0.00,Renewal
304,4543,Stud Finder,9/18/2016 4:06 PM,9/25/2016 6:48 PM,9/25/2016,$0.00,Renewal
304,46,Level,10/2/2016 5:22 PM,10/12/2016 7:27 PM,10/9/2016,$0.00,
304,4543,Stud Finder,10/2/2016 5:22 PM,10/12/2016 7:27 PM,10/9/2016,$0.00,
304,46,Level,10/12/2016 7:29 PM,10/12/2016 7:33 PM,10/19/2016,$0.00,
304,4543,Stud Finder,10/12/2016 7:29 PM,10/12/2016 7:33 PM,10/19/2016,$0.00,
304,4520,Battery Charger,10/12/2016 7:33 PM,10/19/2016 2:42 PM,10/19/2016,$0.00,
304,4519,Cordless Drill,10/12/2016 7:33 PM,10/19/2016 2:42 PM,10/19/2016,$0.00,
304,46,Level,10/12/2016 7:33 PM,10/20/2016 12:14 PM,10/19/2016,$0.00,Renewal
304,4543,Stud Finder,10/12/2016 7:33 PM,10/20/2016 12:14 PM,10/19/2016,$0.00,Renewal
304,4519,Cordless Drill,10/19/2016 2:42 PM,10/26/2016 7:04 PM,10/26/2016,$0.00,Renewal
304,4520,Battery Charger,10/19/2016 2:42 PM,10/26/2016 7:04 PM,10/26/2016,$0.00,Renewal
304,46,Level,10/20/2016 12:14 PM,10/26/2016 7:04 PM,10/27/2016,$0.00,Renewal
304,4543,Stud Finder,10/20/2016 12:14 PM,10/26/2016 7:04 PM,10/27/2016,$0.00,Renewal
304,4520,Battery Charger,10/26/2016 7:04 PM,11/2/2016 7:14 PM,11/2/2016,$0.00,Renewal
304,4519,Cordless Drill,10/26/2016 7:04 PM,11/2/2016 7:14 PM,11/2/2016,$0.00,Renewal
304,4520,Battery Charger,11/2/2016 7:14 PM,11/9/2016 6:34 PM,11/9/2016,$0.00,Renewal
304,4519,Cordless Drill,11/2/2016 7:14 PM,11/9/2016 6:34 PM,11/9/2016,$0.00,Renewal
304,4520,Battery Charger,11/9/2016 6:34 PM,11/20/2016 6:35 PM,11/16/2016,$0.00,Renewal
304,4519,Cordless Drill,11/9/2016 6:34 PM,11/20/2016 6:35 PM,11/16/2016,$0.00,Renewal
405,5062,Food Mill,11/19/2016 10:49 AM,11/23/2016 5:00 PM,11/26/2016,$0.00,
405,5062,Food Mill,11/23/2016 5:00 PM,12/3/2016 11:07 AM,12/3/2016,$0.00,Renewal
199,4770,Hand Truck,6/18/2016 11:51 AM,6/22/2016 8:58 AM,6/25/2016,$0.00,
199,4770,Hand Truck,6/22/2016 8:58 AM,6/29/2016 6:07 PM,6/29/2016,$0.00,Renewal
301,4688,"Nail Gun, Pneumatic",9/14/2016 6:08 PM,9/17/2016 11:29 AM,9/21/2016,$0.00,
261,676,3/8 Power Drill,8/14/2016 5:48 PM,8/21/2016 4:12 PM,8/21/2016,$0.00,
373,4714,18V Ryobi Battery BATT_A,10/26/2016 7:55 PM,11/2/2016 5:07 PM,11/2/2016,$0.00,
373,273,Battery Charger,10/26/2016 7:55 PM,11/2/2016 5:07 PM,11/2/2016,$0.00,
373,4826,Cordless Drill,10/26/2016 7:55 PM,11/2/2016 5:08 PM,11/2/2016,$0.00,
373,5043,Stud Finder,10/26/2016 7:55 PM,11/2/2016 5:07 PM,11/2/2016,$0.00,
373,273,Battery Charger,11/2/2016 5:07 PM,11/30/2016 6:49 PM,11/9/2016,$0.00,Renewal
373,5043,Stud Finder,11/2/2016 5:07 PM,11/30/2016 6:49 PM,11/9/2016,$0.00,Renewal
373,4714,18V Ryobi Battery BATT_A,11/2/2016 5:07 PM,11/30/2016 6:49 PM,11/9/2016,$0.00,Renewal
373,4826,Cordless Drill,11/2/2016 5:08 PM,11/30/2016 6:49 PM,11/9/2016,$0.00,Renewal
447,5082,Belt Sander,12/18/2016 4:37 PM,1/4/2017 7:27 PM,12/25/2016,$0.00,
174,3872,Waffle Iron,6/4/2016 11:28 AM,6/11/2016 11:44 AM,6/11/2016,$0.00,
174,3872,Waffle Iron,6/11/2016 11:44 AM,6/18/2016 11:04 AM,6/18/2016,$0.00,Renewal
208,4362,Hack Saw,6/29/2016 7:42 PM,7/6/2016 7:35 PM,7/6/2016,$0.00,
208,5119,Drill Bit And Socket Set,9/28/2016 7:28 PM,10/5/2016 7:55 PM,10/5/2016,$0.00,
208,5118,Drill Bit Set,9/28/2016 7:28 PM,10/5/2016 7:55 PM,10/5/2016,$0.00,
216,165,"Folding Chair, Metal",8/6/2016 10:09 AM,8/7/2016 5:27 PM,8/13/2016,$0.00,
216,167,"Folding Chair, Metal",8/6/2016 10:09 AM,8/7/2016 5:27 PM,8/13/2016,$0.00,
216,170,"Folding Chair, Metal",8/6/2016 10:09 AM,8/7/2016 5:27 PM,8/13/2016,$0.00,
216,172,"Folding Chair, Metal",8/6/2016 10:09 AM,8/7/2016 5:27 PM,8/13/2016,$0.00,
216,173,"Folding Chair, Metal",8/6/2016 10:09 AM,8/7/2016 5:27 PM,8/13/2016,$0.00,
216,175,"Folding Chair, Metal",8/6/2016 10:09 AM,8/7/2016 5:27 PM,8/13/2016,$0.00,
216,4820,"Folding Chair, Metal",8/6/2016 10:09 AM,8/7/2016 5:27 PM,8/13/2016,$0.00,
216,4821,"Folding Chair, Metal",8/6/2016 10:09 AM,8/7/2016 5:27 PM,8/13/2016,$0.00,
216,4695,Table,8/6/2016 10:09 AM,8/7/2016 5:53 PM,8/13/2016,$0.00,
216,5004,Table,8/6/2016 10:09 AM,8/7/2016 5:53 PM,8/13/2016,$0.00,
216,5005,Table,8/6/2016 10:09 AM,8/7/2016 5:53 PM,8/13/2016,$0.00,
216,5006,Table,8/6/2016 10:09 AM,8/7/2016 5:53 PM,8/13/2016,$0.00,
216,166,"Folding Chair, Metal",8/6/2016 10:44 AM,8/7/2016 5:27 PM,8/13/2016,$0.00,
216,168,"Folding Chair, Metal",8/6/2016 10:44 AM,8/7/2016 5:27 PM,8/13/2016,$0.00,
216,169,"Folding Chair, Metal",8/6/2016 10:44 AM,8/7/2016 5:27 PM,8/13/2016,$0.00,
216,171,"Folding Chair, Metal",8/6/2016 10:44 AM,8/7/2016 5:27 PM,8/13/2016,$0.00,
216,174,"Folding Chair, Metal",8/6/2016 10:44 AM,8/7/2016 5:27 PM,8/13/2016,$0.00,
216,178,"Folding Chair, Metal",8/6/2016 10:44 AM,8/7/2016 5:27 PM,8/13/2016,$0.00,
216,179,"Folding Chair, Metal",8/6/2016 10:44 AM,8/7/2016 5:27 PM,8/13/2016,$0.00,
216,4822,"Folding Chair, Metal",8/6/2016 10:44 AM,8/7/2016 5:27 PM,8/13/2016,$0.00,
216,4666,Camping Supplies,10/29/2016 9:24 AM,11/2/2016 6:21 PM,11/5/2016,$0.00,
216,165,"Folding Chair, Metal",10/29/2016 9:24 AM,11/2/2016 6:21 PM,11/5/2016,$0.00,
216,166,"Folding Chair, Metal",10/29/2016 9:24 AM,11/2/2016 6:21 PM,11/5/2016,$0.00,
216,167,"Folding Chair, Metal",10/29/2016 9:24 AM,11/2/2016 6:21 PM,11/5/2016,$0.00,
216,168,"Folding Chair, Metal",10/29/2016 9:24 AM,11/2/2016 6:21 PM,11/5/2016,$0.00,
216,170,"Folding Chair, Metal",10/29/2016 9:24 AM,11/2/2016 6:21 PM,11/5/2016,$0.00,
216,173,"Folding Chair, Metal",10/29/2016 9:24 AM,11/2/2016 6:21 PM,11/5/2016,$0.00,
216,174,"Folding Chair, Metal",10/29/2016 9:24 AM,11/2/2016 6:21 PM,11/5/2016,$0.00,
216,175,"Folding Chair, Metal",10/29/2016 9:24 AM,11/2/2016 6:21 PM,11/5/2016,$0.00,
216,275,Table,10/29/2016 9:24 AM,11/2/2016 6:21 PM,11/5/2016,$0.00,
216,4677,Table,10/29/2016 9:24 AM,11/2/2016 6:21 PM,11/5/2016,$0.00,
216,4664,Tent,10/29/2016 9:24 AM,11/2/2016 6:21 PM,11/5/2016,$0.00,
216,4710,Camping Stove,10/29/2016 9:24 AM,11/2/2016 6:21 PM,11/5/2016,$0.00,
267,4751,Miter Saw,8/17/2016 6:31 PM,8/24/2016 6:20 PM,8/24/2016,$0.00,
267,5020,Table Saw,8/17/2016 6:31 PM,8/24/2016 6:20 PM,8/24/2016,$0.00,
267,4032,Plane,8/24/2016 6:31 PM,8/31/2016 11:04 AM,8/31/2016,$0.00,
267,4032,Plane,8/31/2016 11:04 AM,9/7/2016 6:24 PM,9/7/2016,$0.00,Renewal
276,4028,Adjusable Wrench,8/14/2016 12:43 PM,8/21/2016 6:44 PM,8/21/2016,$0.00,
247,4990,Yard Trimmer/Weed Whacker,7/23/2016 11:58 AM,7/27/2016 6:47 PM,7/30/2016,$0.00,
247,4991,Extension Cord,7/23/2016 11:58 AM,7/27/2016 6:47 PM,7/30/2016,$0.00,
211,4786,Shovel,7/2/2016 10:38 AM,7/6/2016 7:51 PM,7/9/2016,$0.00,
338,4414,Reciprocating Saw,9/28/2016 9:01 PM,3/2/2019 4:26 AM,10/5/2016,$0.00,
233,4154,File,7/13/2016 8:22 PM,7/20/2016 6:36 PM,7/20/2016,$0.00,
233,4762,Hoe,7/13/2016 8:22 PM,7/20/2016 6:36 PM,7/20/2016,$0.00,
233,4730,Pitchfork,7/13/2016 8:22 PM,7/20/2016 6:36 PM,7/20/2016,$0.00,
233,4734,Rake,7/13/2016 8:22 PM,7/20/2016 6:36 PM,7/20/2016,$0.00,
233,4786,Shovel,7/13/2016 8:22 PM,7/20/2016 6:36 PM,7/20/2016,$0.00,
233,4072,Pointed Trowel,7/13/2016 8:22 PM,7/20/2016 6:36 PM,7/20/2016,$0.00,
346,3754,Skilsaw,10/9/2016 4:44 PM,10/16/2016 6:10 PM,10/16/2016,$0.00,
346,4990,Yard Trimmer/Weed Whacker,10/9/2016 4:44 PM,10/16/2016 6:10 PM,10/16/2016,$0.00,
346,4338,Lopper,10/9/2016 4:44 PM,10/16/2016 6:10 PM,10/16/2016,$0.00,
346,5125,Cordless Impact Driver,10/16/2016 6:25 PM,10/26/2016 6:43 PM,10/23/2016,$0.00,
346,3738,Jigsaw,10/16/2016 6:25 PM,10/26/2016 6:43 PM,10/23/2016,$0.00,
346,4549,"Socket Wrench, Multi Faced",10/16/2016 6:25 PM,10/26/2016 6:43 PM,10/23/2016,$0.00,
346,5098,Cooper/Regent Pqs45 Portable Deluxe Work Light 500-Watt,10/16/2016 6:25 PM,10/26/2016 6:43 PM,10/23/2016,$0.00,
346,4969,Rotary Dremel Bit Kit,10/19/2016 7:45 PM,10/26/2016 6:10 PM,10/26/2016,$0.00,
346,271,Dremel,10/19/2016 7:45 PM,10/26/2016 6:10 PM,10/26/2016,$0.00,
346,5103,Jack Stand,10/19/2016 7:45 PM,10/26/2016 6:10 PM,10/26/2016,$0.00,
346,5103,Jack Stand,10/26/2016 6:10 PM,11/9/2016 8:35 PM,11/2/2016,$0.00,Renewal
346,271,Dremel,10/26/2016 6:10 PM,11/9/2016 8:35 PM,11/2/2016,$0.00,Renewal
346,4969,Rotary Dremel Bit Kit,10/26/2016 6:10 PM,11/9/2016 8:35 PM,11/2/2016,$0.00,Renewal
346,5098,Cooper/Regent Pqs45 Portable Deluxe Work Light 500-Watt,10/26/2016 6:46 PM,11/9/2016 8:35 PM,11/2/2016,$0.00,
269,392,Belt Sander,12/4/2016 5:20 PM,12/10/2016 11:34 AM,12/11/2016,$0.00,
248,5074,Power Sander With Vacuum Bag,9/24/2016 11:51 AM,9/25/2016 6:44 PM,10/1/2016,$0.00,
283,4612,Corded Drill,8/17/2016 6:13 PM,8/24/2016 6:13 PM,8/24/2016,$0.00,
423,5182,Phillips Screwdriver,11/30/2016 6:48 PM,12/7/2016 7:28 PM,12/7/2016,$0.00,
205,4811,Level,6/26/2016 5:58 PM,7/6/2016 7:39 PM,7/3/2016,$0.00,
205,4414,Reciprocating Saw,6/26/2016 5:58 PM,7/6/2016 7:39 PM,7/3/2016,$0.00,
205,4811,Level,7/6/2016 7:39 PM,7/10/2016 6:13 PM,7/13/2016,$0.00,Renewal
205,4414,Reciprocating Saw,7/6/2016 7:39 PM,7/10/2016 6:12 PM,7/13/2016,$0.00,Renewal
205,4811,Level,7/10/2016 6:13 PM,9/21/2016 7:35 PM,7/17/2016,$0.00,Renewal
205,4108,Drywall Corner Knife,7/10/2016 6:22 PM,9/21/2016 7:35 PM,7/17/2016,$0.00,
205,4053,Key Hole Saw,7/10/2016 6:22 PM,9/21/2016 7:37 PM,7/17/2016,$0.00,
205,4888,Putty Knife,7/10/2016 6:22 PM,9/21/2016 7:35 PM,7/17/2016,$0.00,
205,4073,Taping Knife,7/10/2016 6:22 PM,9/21/2016 7:35 PM,7/17/2016,$0.00,
279,401,Power Sander,8/14/2016 6:43 PM,8/21/2016 9:51 AM,8/21/2016,$0.00,
279,401,Power Sander,8/21/2016 9:51 AM,8/28/2016 4:59 PM,8/28/2016,$0.00,Renewal
279,4628,Dremel Moto Tool,8/28/2016 5:07 PM,9/4/2016 1:35 PM,9/4/2016,$0.00,
279,4969,Rotary Dremel Bit Kit,8/28/2016 5:07 PM,9/4/2016 1:34 PM,9/4/2016,$0.00,
279,4813,Goggles,8/28/2016 5:07 PM,9/4/2016 1:35 PM,9/4/2016,$0.00,
279,4969,Rotary Dremel Bit Kit,9/4/2016 1:34 PM,9/11/2016 6:52 PM,9/11/2016,$0.00,Renewal
279,4813,Goggles,9/4/2016 1:35 PM,9/11/2016 6:52 PM,9/11/2016,$0.00,Renewal
279,4628,Dremel Moto Tool,9/4/2016 1:35 PM,9/11/2016 6:52 PM,9/11/2016,$0.00,Renewal
303,211,Car Ramp,9/3/2016 10:53 AM,9/7/2016 6:36 PM,9/10/2016,$0.00,
144,3725,"Socket Wrench Set, Metric",5/4/2016 7:40 PM,5/8/2016 6:10 PM,5/11/2016,$0.00,
nio1124,669,Jumper Cables,6/18/2016 12:01 PM,6/29/2016 8:27 PM,6/25/2016,$0.00,
nio1124,4600,LCD Digital Multimeter,6/18/2016 12:01 PM,6/29/2016 8:27 PM,6/25/2016,$0.00,
nio1124,5023,Cordless Drill,8/20/2016 9:22 AM,8/27/2016 10:11 AM,8/27/2016,$0.00,
nio1124,4520,Battery Charger,8/27/2016 10:11 AM,9/3/2016 11:39 AM,9/3/2016,$0.00,
nio1124,4519,Cordless Drill,8/27/2016 10:11 AM,9/3/2016 11:39 AM,9/3/2016,$0.00,
nio1124,222,"Tape Measure, 10ft",8/27/2016 10:11 AM,9/3/2016 11:39 AM,9/3/2016,$0.00,
nio1124,3767,Adjusable Wrench,10/1/2016 9:14 AM,10/8/2016 10:40 AM,10/8/2016,$0.00,
nio1124,4632,Caulk Gun,10/1/2016 9:14 AM,10/16/2016 6:27 PM,10/8/2016,$0.00,
nio1124,3819,Cordless Drill,10/1/2016 9:14 AM,10/16/2016 6:27 PM,10/8/2016,$0.00,
nio1124,5014,Profile Sander,10/1/2016 9:14 AM,10/8/2016 10:40 AM,10/8/2016,$0.00,
nio1124,3742,Power Sander,10/1/2016 9:14 AM,10/8/2016 10:40 AM,10/8/2016,$0.00,
nio1124,4445,Paint Brush,10/1/2016 9:42 AM,10/16/2016 6:27 PM,10/8/2016,$0.00,
nio1124,253,Paint Tray,10/1/2016 9:42 AM,10/16/2016 6:27 PM,10/8/2016,$0.00,
nio1124,96,Level,10/1/2016 9:42 AM,10/8/2016 10:40 AM,10/8/2016,$0.00,
nio1124,4913,Paint Roller,10/1/2016 9:42 AM,10/16/2016 6:27 PM,10/8/2016,$0.00,
nio1124,252,Paint Roller,10/1/2016 9:42 AM,10/16/2016 6:27 PM,10/8/2016,$0.00,
nio1124,159,Scraper,10/1/2016 9:42 AM,10/16/2016 6:27 PM,10/8/2016,$0.00,
nio1124,222,"Tape Measure, 10ft",10/1/2016 9:42 AM,10/16/2016 6:27 PM,10/8/2016,$0.00,
nio1124,4996,Bit Set,10/8/2016 10:43 AM,10/16/2016 6:27 PM,10/15/2016,$0.00,
nio1124,5061,Concrete Bit Set,10/9/2016 4:16 PM,10/16/2016 6:27 PM,10/16/2016,$0.00,
nio1124,5073,Masonry Drill Bit Set,10/9/2016 4:16 PM,10/16/2016 6:27 PM,10/16/2016,$0.00,
98,1,Dehydrator,11/26/2016 11:41 AM,12/3/2016 11:36 AM,12/3/2016,$0.00,
236,658,Allen Wrench Set,7/16/2016 11:06 AM,9/25/2016 6:01 PM,7/23/2016,$0.00,
236,3986,"Open End Wrench, 5/8in, 3/4in",7/16/2016 11:06 AM,9/25/2016 6:01 PM,7/23/2016,$0.00,
236,4000,Pipe Wrench,7/16/2016 11:06 AM,9/25/2016 6:01 PM,7/23/2016,$0.00,
372,5008,Heat Gun,10/26/2016 7:01 PM,3/2/2019 4:27 AM,11/2/2016,$0.00,
286,36,Power Sander,8/17/2016 6:26 PM,12/11/2016 5:16 PM,8/24/2016,$0.00,
444,4521,Claw Hammer,12/17/2016 12:15 PM,12/24/2016 11:53 AM,12/24/2016,$0.00,
444,4350,Striaght Edge,12/17/2016 12:15 PM,12/24/2016 11:53 AM,12/24/2016,$0.00,
270,4837,Stud Finder,8/10/2016 7:10 PM,8/17/2016 6:27 PM,8/17/2016,$0.00,
224,4830,Weed Whacker,7/9/2016 11:18 AM,7/16/2016 4:39 PM,7/16/2016,$0.00,
224,4830,Weed Whacker,9/10/2016 11:11 AM,10/9/2016 6:13 PM,9/17/2016,$0.00,
224,214,Crock Pot,9/10/2016 11:11 AM,10/9/2016 6:13 PM,9/17/2016,$0.00,
224,215,"Shop Vac, Wet Only, 8 Gal",9/10/2016 11:11 AM,10/9/2016 6:13 PM,9/17/2016,$0.00,
325,4981,Solder Sucker,12/17/2016 11:44 AM,12/18/2016 5:06 PM,12/24/2016,$0.00,
325,4984,Needle Nose Pliers / Tweezers,12/17/2016 11:44 AM,12/18/2016 5:06 PM,12/24/2016,$0.00,
325,4970,Soldering Iron,12/17/2016 11:44 AM,12/18/2016 5:06 PM,12/24/2016,$0.00,
325,4983,Soldering Iron Holster,12/17/2016 11:44 AM,12/18/2016 5:06 PM,12/24/2016,$0.00,
325,4985,Soldering Arm With Magnifying Lens,12/17/2016 11:44 AM,12/18/2016 5:06 PM,12/24/2016,$0.00,
325,4981,Solder Sucker,12/28/2016 6:30 PM,1/4/2017 7:50 PM,1/4/2017,$0.00,
325,4984,Needle Nose Pliers / Tweezers,12/28/2016 6:30 PM,1/4/2017 7:50 PM,1/4/2017,$0.00,
325,4970,Soldering Iron,12/28/2016 6:30 PM,1/4/2017 7:50 PM,1/4/2017,$0.00,
325,4983,Soldering Iron Holster,12/28/2016 6:30 PM,1/4/2017 7:50 PM,1/4/2017,$0.00,
325,4985,Soldering Arm With Magnifying Lens,12/28/2016 6:30 PM,1/4/2017 7:50 PM,1/4/2017,$0.00,
325,4986,Magnifying Glass,12/28/2016 6:30 PM,1/4/2017 7:50 PM,1/4/2017,$0.00,
325,367,Wire Cutter,12/28/2016 6:30 PM,1/4/2017 7:50 PM,1/4/2017,$0.00,
325,4958,Multimeter,12/31/2016 11:14 AM,1/4/2017 7:50 PM,1/7/2017,$0.00,
325,2272,Wire Stripper,12/31/2016 11:14 AM,1/4/2017 7:50 PM,1/7/2017,$0.00,
396,3765,Basin Wrench,11/12/2016 11:34 AM,11/19/2016 11:35 AM,11/19/2016,$0.00,
396,4325,Battery Charger,11/12/2016 11:34 AM,11/19/2016 11:35 AM,11/19/2016,$0.00,
396,5130,(charger only) Cordless Right Angle Drill With Charger,11/12/2016 11:34 AM,11/19/2016 11:35 AM,11/19/2016,$0.00,
396,3823,Corded Drill,11/12/2016 11:34 AM,11/19/2016 11:35 AM,11/19/2016,$0.00,
4,4710,Camping Stove,6/7/2016 8:58 PM,6/12/2016 5:36 PM,6/14/2016,$0.00,
4,4770,Hand Truck,7/29/2016 8:05 PM,9/4/2016 8:34 PM,8/5/2016,$0.00,
185,3790,Reciprocating Saw,6/11/2016 11:09 AM,6/11/2016 11:48 AM,6/18/2016,$0.00,
300,4773,Bar Clamp,8/31/2016 6:44 PM,9/4/2016 6:25 PM,9/7/2016,$0.00,
300,4774,Bar Clamp,8/31/2016 6:44 PM,9/4/2016 6:25 PM,9/7/2016,$0.00,
300,5017,C-clamp,8/31/2016 6:44 PM,9/4/2016 6:25 PM,9/7/2016,$0.00,
300,4458,Drill Press (12 In.),8/31/2016 6:44 PM,9/4/2016 6:25 PM,9/7/2016,$0.00,
300,5044,Wood Burning Pen,9/4/2016 6:55 PM,10/23/2016 5:06 PM,9/11/2016,$0.00,
300,5046,Projector Screen,9/4/2016 6:55 PM,10/23/2016 5:06 PM,9/11/2016,$0.00,
300,4765,Projector,9/4/2016 6:55 PM,10/23/2016 5:06 PM,9/11/2016,$0.00,
300,5045,Telescope,9/4/2016 6:55 PM,10/23/2016 5:06 PM,9/11/2016,$0.00,
300,4980,Wire Brush,10/23/2016 5:16 PM,11/28/2016 12:20 PM,10/30/2016,$0.00,
165,4503,Quick Grip Clamp,5/25/2016 6:42 PM,6/1/2016 8:33 PM,6/1/2016,$0.00,
165,4642,File,6/1/2016 8:33 PM,6/4/2016 11:43 AM,6/8/2016,$0.00,
165,4291,Stud Finder,6/4/2016 11:43 AM,6/11/2016 11:02 AM,6/11/2016,$0.00,
165,4721,"Corner Vise, Clamp-On",6/8/2016 7:44 PM,6/18/2016 9:47 AM,6/15/2016,$0.00,
242,4546,Level,7/17/2016 6:25 PM,7/23/2016 10:44 AM,7/24/2016,$0.00,
242,4946,T-square,7/17/2016 6:25 PM,7/23/2016 10:44 AM,7/24/2016,$0.00,
242,4291,Stud Finder,7/17/2016 6:25 PM,7/23/2016 10:44 AM,7/24/2016,$0.00,
242,3996,Level,8/21/2016 6:17 PM,8/28/2016 5:22 PM,8/28/2016,$0.00,
242,4543,Stud Finder,8/21/2016 6:17 PM,8/28/2016 5:22 PM,8/28/2016,$0.00,
221,4829,Bar Clamp,7/9/2016 11:13 AM,7/16/2016 11:35 AM,7/16/2016,$0.00,
221,4608,Chisel Set,7/9/2016 11:13 AM,7/16/2016 11:35 AM,7/16/2016,$0.00,
221,202,Extension Cord,7/9/2016 11:13 AM,7/16/2016 11:35 AM,7/16/2016,$0.00,
221,401,Power Sander,7/9/2016 11:13 AM,7/16/2016 11:35 AM,7/16/2016,$0.00,
221,4613,Rubber Mallet,7/9/2016 11:13 AM,7/16/2016 11:35 AM,7/16/2016,$0.00,
221,3883,Sanding Block,7/9/2016 11:13 AM,7/16/2016 11:35 AM,7/16/2016,$0.00,
221,401,Power Sander,7/16/2016 11:36 AM,7/24/2016 4:54 PM,7/23/2016,$0.00,
221,202,Extension Cord,7/16/2016 11:37 AM,7/24/2016 4:54 PM,7/23/2016,$0.00,
221,4627,Belt Sander,7/24/2016 5:08 PM,10/8/2016 11:54 AM,7/31/2016,$0.00,
221,202,Extension Cord,7/24/2016 5:08 PM,10/8/2016 11:54 AM,7/31/2016,$0.00,
221,4853,Plane,7/24/2016 5:08 PM,10/8/2016 11:54 AM,7/31/2016,$0.00,
219,4427,18V Battery BATT_A,7/6/2016 7:42 PM,7/9/2016 9:56 AM,7/13/2016,$0.00,
219,4683,18V Ryobi Battery BATT_A,7/6/2016 7:42 PM,7/9/2016 9:56 AM,7/13/2016,$0.00,
219,4714,18V Ryobi Battery BATT_A,7/6/2016 7:42 PM,7/9/2016 9:56 AM,7/13/2016,$0.00,
219,4425,Cordless Drill,7/6/2016 7:42 PM,7/9/2016 9:56 AM,7/13/2016,$0.00,
219,4396,Quick Grip Clamp,7/6/2016 7:42 PM,7/9/2016 9:56 AM,7/13/2016,$0.00,
114,73,Mod Podge: Water Based Sealer Glue Finish,4/30/2016 1:29 PM,5/15/2016 5:43 PM,5/7/2016,$0.00,
114,68,Moving Blanket,4/30/2016 1:29 PM,5/15/2016 5:43 PM,5/7/2016,$0.00,
114,73,Mod Podge: Water Based Sealer Glue Finish,5/15/2016 5:43 PM,5/29/2016 4:25 PM,5/22/2016,$0.00,Renewal
426,345,Staple Gun,12/4/2016 6:40 PM,12/11/2016 11:29 PM,12/11/2016,$0.00,
426,345,Staple Gun,12/11/2016 11:29 PM,12/17/2016 10:00 AM,12/18/2016,$0.00,Renewal
426,4859,Blender,12/17/2016 10:10 AM,1/4/2017 6:48 PM,12/24/2016,$0.00,
rmurray9,4829,Bar Clamp,10/9/2016 6:02 PM,10/9/2016 6:04 PM,10/16/2016,$0.00,
rmurray9,4503,Quick Grip Clamp,10/9/2016 6:02 PM,10/9/2016 6:03 PM,10/16/2016,$0.00,
rmurray9,4676,Quick Grip Clamp,10/9/2016 6:02 PM,10/9/2016 6:03 PM,10/16/2016,$0.00,
rmurray9,5041,Quick Grip Clamp,10/9/2016 6:02 PM,10/9/2016 6:03 PM,10/16/2016,$0.00,
rmurray9,4503,Quick Grip Clamp,10/9/2016 6:03 PM,10/9/2016 6:04 PM,10/16/2016,$0.00,Renewal
rmurray9,4676,Quick Grip Clamp,10/9/2016 6:03 PM,10/9/2016 6:04 PM,10/16/2016,$0.00,Renewal
rmurray9,5041,Quick Grip Clamp,10/9/2016 6:03 PM,10/9/2016 6:04 PM,10/16/2016,$0.00,Renewal
rmurray9,4503,Quick Grip Clamp,10/9/2016 6:06 PM,10/30/2016 6:25 PM,10/16/2016,$0.00,
rmurray9,4675,Quick Grip Clamp,10/9/2016 6:06 PM,10/23/2016 5:24 PM,10/16/2016,$0.00,
rmurray9,4676,Quick Grip Clamp,10/9/2016 6:06 PM,10/23/2016 5:24 PM,10/16/2016,$0.00,
rmurray9,5041,Quick Grip Clamp,10/9/2016 6:06 PM,10/16/2016 4:17 PM,10/16/2016,$0.00,
432,825,Power Sander,12/7/2016 8:38 PM,12/22/2016 8:26 AM,12/14/2016,$0.00,
379,5072,"Hand Saw, Angled Handle",10/29/2016 11:47 AM,10/30/2016 4:38 PM,11/5/2016,$0.00,
284,4726,Post Hole Digger,8/17/2016 6:10 PM,8/24/2016 6:47 PM,8/24/2016,$0.00,
284,5027,Ladder,8/24/2016 7:04 PM,9/7/2016 7:33 PM,8/31/2016,$0.00,
284,5027,Ladder,11/6/2016 4:08 PM,11/23/2016 6:03 PM,11/13/2016,$0.00,
443,5155,Back Saw,12/17/2016 11:49 AM,12/26/2016 7:39 AM,12/24/2016,$0.00,
443,4346,Axe,12/17/2016 11:49 AM,12/26/2016 7:39 AM,12/24/2016,$0.00,
443,5201,Reciprocating Saw,12/17/2016 11:49 AM,12/26/2016 7:39 AM,12/24/2016,$0.00,
443,5155,Back Saw,12/26/2016 7:39 AM,1/8/2017 5:07 PM,1/2/2017,$0.00,Renewal
443,4346,Axe,12/26/2016 7:39 AM,1/8/2017 5:07 PM,1/2/2017,$0.00,Renewal
443,5201,Reciprocating Saw,12/26/2016 7:39 AM,1/8/2017 5:07 PM,1/2/2017,$0.00,Renewal
297,6,Telescope,8/24/2016 7:17 PM,9/4/2016 4:20 PM,8/31/2016,$0.00,
207,4687,Bolt Cutter,6/29/2016 6:21 PM,7/6/2016 6:00 PM,7/6/2016,$0.00,
207,4770,Hand Truck,9/11/2016 6:34 PM,9/25/2016 6:41 PM,9/18/2016,$0.00,
334,4444,Circular Saw,9/25/2016 5:59 PM,10/2/2016 5:04 PM,10/2/2016,$0.00,
334,663,Miter Saw,9/25/2016 5:59 PM,10/2/2016 5:04 PM,10/2/2016,$0.00,
334,4444,Circular Saw,10/2/2016 5:04 PM,3/3/2019 1:45 AM,10/9/2016,$0.00,Renewal
195,4749,Go Set,6/15/2016 7:34 PM,6/22/2016 8:32 PM,6/22/2016,$0.00,
195,4305,Iron,6/15/2016 7:34 PM,6/22/2016 8:32 PM,6/22/2016,$0.00,
195,97,Scraper,6/22/2016 8:41 PM,7/6/2016 6:26 PM,6/29/2016,$0.00,
195,185,Jigsaw,7/9/2016 11:56 AM,7/9/2016 3:12 PM,7/16/2016,$0.00,
195,3729,Iron,7/9/2016 11:56 AM,7/20/2016 7:05 PM,7/16/2016,$0.00,
195,4832,Glue Wood,7/9/2016 11:56 AM,7/9/2016 3:12 PM,7/16/2016,$0.00,
195,4674,Quick Grip Clamp,7/9/2016 12:00 PM,7/9/2016 3:12 PM,7/16/2016,$0.00,
195,4989,Corner Clamp,7/23/2016 11:50 AM,7/30/2016 11:01 AM,7/30/2016,$0.00,
195,4362,Hack Saw,7/23/2016 11:50 AM,7/30/2016 11:01 AM,7/30/2016,$0.00,
195,4676,Quick Grip Clamp,7/23/2016 11:50 AM,7/30/2016 11:01 AM,7/30/2016,$0.00,
195,4829,Bar Clamp,7/31/2016 5:26 PM,8/14/2016 12:06 PM,8/7/2016,$0.00,
195,4997,Circular Saw,7/31/2016 5:26 PM,8/14/2016 12:06 PM,8/7/2016,$0.00,
195,4676,Quick Grip Clamp,7/31/2016 5:26 PM,8/14/2016 12:06 PM,8/7/2016,$0.00,
195,37,Scroll Saw,7/31/2016 5:26 PM,8/14/2016 12:06 PM,8/7/2016,$0.00,
195,223,Stud Finder,8/27/2016 12:00 PM,9/3/2016 10:54 AM,9/3/2016,$0.00,
195,4924,Jigsaw,9/7/2016 9:04 PM,9/18/2016 4:33 PM,9/14/2016,$0.00,
195,4676,Quick Grip Clamp,9/7/2016 9:04 PM,9/18/2016 4:33 PM,9/14/2016,$0.00,
195,5061,Concrete Bit Set,9/7/2016 9:10 PM,9/18/2016 4:12 PM,9/14/2016,$0.00,
195,4837,Stud Finder,9/7/2016 9:10 PM,9/18/2016 4:33 PM,9/14/2016,$0.00,
195,5063,"Folding Chair, Wood",10/1/2016 11:56 AM,10/2/2016 5:14 PM,10/8/2016,$0.00,
195,5064,"Folding Chair, Wood",10/1/2016 11:56 AM,10/2/2016 5:14 PM,10/8/2016,$0.00,
195,5065,"Folding Chair, Wood",10/1/2016 11:56 AM,10/2/2016 5:14 PM,10/8/2016,$0.00,
195,5066,"Folding Chair, Wood",10/1/2016 11:56 AM,10/2/2016 5:14 PM,10/8/2016,$0.00,
195,4056,"Crimper, Hexagonal",10/9/2016 6:23 PM,10/19/2016 6:07 PM,10/16/2016,$0.00,
195,4955,Wire Stripper,10/9/2016 6:23 PM,10/19/2016 6:07 PM,10/16/2016,$0.00,
195,3738,Jigsaw,11/2/2016 8:54 PM,11/26/2016 11:38 AM,11/9/2016,$0.00,
195,5077,Bit Set,11/26/2016 11:48 AM,1/8/2017 6:34 PM,12/3/2016,$0.00,
195,4686,Dremel Set,11/26/2016 11:48 AM,1/8/2017 6:34 PM,12/3/2016,$0.00,
370,656,Cordless Drill,11/6/2016 5:01 PM,11/12/2016 9:51 AM,11/12/2016,$0.00,
370,3819,Cordless Drill,11/6/2016 5:01 PM,11/12/2016 9:51 AM,11/12/2016,$0.00,
370,4324,Cordless Drill,11/6/2016 5:01 PM,11/12/2016 9:51 AM,11/12/2016,$0.00,
375,5055,Stud Finder,10/26/2016 8:00 PM,10/30/2016 4:52 PM,11/2/2016,$0.00,
375,257,Taping Knife,10/26/2016 8:00 PM,10/30/2016 4:52 PM,11/2/2016,$0.00,
241,4830,Weed Whacker,7/17/2016 4:28 PM,7/24/2016 4:44 PM,7/24/2016,$0.00,
241,4941,Extension Cord,7/17/2016 4:28 PM,7/24/2016 4:44 PM,7/24/2016,$0.00,
241,4942,Extension Cord,7/17/2016 4:28 PM,7/24/2016 4:44 PM,7/24/2016,$0.00,
241,4830,Weed Whacker,7/31/2016 4:45 PM,8/7/2016 6:00 PM,8/7/2016,$0.00,
241,4941,Extension Cord,7/31/2016 4:45 PM,8/7/2016 6:00 PM,8/7/2016,$0.00,
241,4942,Extension Cord,7/31/2016 4:45 PM,8/7/2016 6:00 PM,8/7/2016,$0.00,
457,5132,Heat Gun,12/31/2016 11:47 AM,1/7/2017 9:14 AM,1/7/2017,$0.00,
457,5145,Plane,12/31/2016 11:47 AM,1/7/2017 9:14 AM,1/7/2017,$0.00,
457,380,Respirator,12/31/2016 11:47 AM,1/7/2017 9:14 AM,1/7/2017,$0.00,
152,673,Rubber Mallet,5/11/2016 6:50 PM,5/18/2016 6:44 PM,5/18/2016,$0.00,
152,4384,Mallet,5/11/2016 6:50 PM,5/18/2016 6:44 PM,5/18/2016,$0.00,
152,4593,Push Broom,5/14/2016 9:35 AM,5/22/2016 5:10 PM,5/21/2016,$0.00,
152,3941,Square Shovel,5/14/2016 9:35 AM,5/22/2016 5:10 PM,5/21/2016,$0.00,
152,3942,Square Shovel,5/14/2016 9:35 AM,5/22/2016 5:10 PM,5/21/2016,$0.00,
152,673,Rubber Mallet,5/18/2016 6:44 PM,5/22/2016 5:10 PM,5/25/2016,$0.00,Renewal
152,4384,Mallet,5/18/2016 6:44 PM,5/22/2016 5:10 PM,5/25/2016,$0.00,Renewal
152,4026,Bypass Pruner,6/4/2016 9:49 AM,6/5/2016 4:46 PM,6/11/2016,$0.00,
152,3800,Pliers,6/4/2016 9:49 AM,6/5/2016 4:46 PM,6/11/2016,$0.00,
152,4025,Garden Shears,6/4/2016 9:49 AM,6/5/2016 4:46 PM,6/11/2016,$0.00,
152,4243,Screwdriver Set,6/4/2016 9:49 AM,6/5/2016 4:46 PM,6/11/2016,$0.00,
152,4492,Wire Stripper,6/4/2016 9:49 AM,6/5/2016 4:46 PM,6/11/2016,$0.00,
152,5025,Compound Miter Saw,8/20/2016 12:12 PM,8/28/2016 4:34 PM,8/27/2016,$0.00,
152,4253,Nut Driver,8/20/2016 12:12 PM,8/24/2016 6:11 PM,8/27/2016,$0.00,
152,4557,Square,8/20/2016 12:12 PM,8/28/2016 4:34 PM,8/27/2016,$0.00,
152,5001,Rotary Hammer Drill [lost],8/24/2016 6:12 PM,8/28/2016 4:34 PM,8/31/2016,$0.00,
152,5025,Compound Miter Saw,8/28/2016 4:34 PM,9/7/2016 6:20 PM,9/4/2016,$0.00,Renewal
152,5001,Rotary Hammer Drill [lost],8/28/2016 4:34 PM,9/7/2016 6:20 PM,9/4/2016,$0.00,Renewal
152,4557,Square,8/28/2016 4:34 PM,9/7/2016 6:20 PM,9/4/2016,$0.00,Renewal
305,4472,Cordless Drill,9/4/2016 4:12 PM,9/11/2016 4:39 PM,9/11/2016,$0.00,
331,3765,Basin Wrench,9/18/2016 6:24 PM,9/25/2016 5:51 PM,9/25/2016,$0.00,
330,4751,Miter Saw,10/30/2016 6:44 PM,11/9/2016 6:26 PM,11/6/2016,$0.00,
330,5020,Table Saw,11/9/2016 8:42 PM,11/16/2016 6:58 PM,11/16/2016,$0.00,
113,384,Pipe Wrench,4/30/2016 11:47 AM,4/30/2016 11:49 AM,5/7/2016,$0.00,
360,662,Belt Sander,10/19/2016 8:46 PM,10/26/2016 5:22 PM,10/26/2016,$0.00,
360,4834,Miter Saw,10/19/2016 8:46 PM,10/26/2016 5:22 PM,10/26/2016,$0.00,
360,5068,Manual Drill Press,10/19/2016 8:46 PM,10/26/2016 5:22 PM,10/26/2016,$0.00,
360,4219,Flat Screwdriver,10/19/2016 8:46 PM,10/26/2016 5:22 PM,10/26/2016,$0.00,
360,4319,Phillips Screwdriver,10/19/2016 8:46 PM,10/26/2016 5:22 PM,10/26/2016,$0.00,
360,670,"Corded Drill, 1/2in",10/19/2016 8:46 PM,10/26/2016 5:22 PM,10/26/2016,$0.00,
360,4811,Level,10/19/2016 8:51 PM,10/26/2016 5:22 PM,10/26/2016,$0.00,
360,662,Belt Sander,10/26/2016 5:22 PM,11/9/2016 8:40 PM,11/2/2016,$0.00,Renewal
360,4319,Phillips Screwdriver,10/26/2016 5:22 PM,11/9/2016 8:40 PM,11/2/2016,$0.00,Renewal
360,4834,Miter Saw,10/26/2016 5:22 PM,11/9/2016 8:40 PM,11/2/2016,$0.00,Renewal
360,670,"Corded Drill, 1/2in",10/26/2016 5:22 PM,11/9/2016 8:40 PM,11/2/2016,$0.00,Renewal
360,4219,Flat Screwdriver,10/26/2016 5:22 PM,11/9/2016 8:40 PM,11/2/2016,$0.00,Renewal
360,4811,Level,10/26/2016 5:22 PM,11/9/2016 8:40 PM,11/2/2016,$0.00,Renewal
360,5068,Manual Drill Press,10/26/2016 5:22 PM,11/9/2016 8:40 PM,11/2/2016,$0.00,Renewal
360,662,Belt Sander,11/9/2016 8:41 PM,11/16/2016 6:35 PM,11/16/2016,$0.00,
360,4834,Miter Saw,11/9/2016 8:41 PM,11/16/2016 6:35 PM,11/16/2016,$0.00,
360,4609,"Variable Speed Router, 1/2in",11/9/2016 9:00 PM,11/16/2016 6:35 PM,11/16/2016,$0.00,
360,662,Belt Sander,11/16/2016 6:35 PM,1/16/2017 8:03 AM,11/23/2016,$0.00,Renewal
360,4834,Miter Saw,11/16/2016 6:35 PM,1/16/2017 8:03 AM,11/23/2016,$0.00,Renewal
360,4609,"Variable Speed Router, 1/2in",11/16/2016 6:35 PM,1/16/2017 8:03 AM,11/23/2016,$0.00,Renewal
310,4769,18V Battery BATT_C,9/17/2016 9:36 AM,9/21/2016 6:32 PM,9/24/2016,$0.00,
310,3875,Soil Cultivator,9/17/2016 9:36 AM,9/21/2016 6:32 PM,9/24/2016,$0.00,
310,2837,Grass Hog,9/17/2016 9:36 AM,9/21/2016 6:32 PM,9/24/2016,$0.00,
310,4805,Hoe,9/17/2016 9:36 AM,9/21/2016 6:37 PM,9/24/2016,$0.00,
310,4734,Rake,9/17/2016 9:36 AM,9/21/2016 6:37 PM,9/24/2016,$0.00,
310,4737,Gravel Rake,9/17/2016 9:36 AM,9/21/2016 6:37 PM,9/24/2016,$0.00,
310,407,Fertilizer Spreader,9/21/2016 6:36 PM,9/25/2016 7:20 PM,9/28/2016,$0.00,
310,4593,Push Broom,9/21/2016 6:36 PM,9/25/2016 7:20 PM,9/28/2016,$0.00,
310,4805,Hoe,9/21/2016 6:37 PM,9/27/2016 10:27 PM,9/28/2016,$0.00,Renewal
310,4734,Rake,9/21/2016 6:37 PM,9/27/2016 10:27 PM,9/28/2016,$0.00,Renewal
310,4737,Gravel Rake,9/21/2016 6:37 PM,9/27/2016 10:27 PM,9/28/2016,$0.00,Renewal
310,407,Fertilizer Spreader,9/25/2016 7:20 PM,10/1/2016 9:43 AM,10/5/2016,$0.00,Renewal
310,4593,Push Broom,9/25/2016 7:20 PM,10/1/2016 9:43 AM,10/5/2016,$0.00,Renewal
310,4805,Hoe,9/27/2016 10:27 PM,10/1/2016 9:43 AM,10/5/2016,$0.00,Renewal
310,4734,Rake,9/27/2016 10:27 PM,10/1/2016 9:43 AM,10/5/2016,$0.00,Renewal
310,4737,Gravel Rake,9/27/2016 10:27 PM,10/1/2016 9:43 AM,10/5/2016,$0.00,Renewal
310,407,Fertilizer Spreader,10/5/2016 7:29 PM,10/8/2016 10:21 AM,10/12/2016,$0.00,
296,4524,Bit Set,8/28/2016 4:39 PM,9/7/2016 6:11 PM,9/4/2016,$0.00,
296,676,3/8 Power Drill,8/28/2016 4:39 PM,9/7/2016 6:11 PM,9/4/2016,$0.00,
296,4837,Stud Finder,8/28/2016 4:39 PM,9/7/2016 6:11 PM,9/4/2016,$0.00,
198,398,House Jack,6/18/2016 11:38 AM,6/25/2016 11:48 AM,6/25/2016,$0.00,
198,400,House Jack,6/18/2016 11:38 AM,6/25/2016 11:48 AM,6/25/2016,$0.00,
198,404,Jigsaw,6/18/2016 11:38 AM,6/25/2016 11:48 AM,6/25/2016,$0.00,
198,4596,"Saw Horse, Folding",6/18/2016 11:38 AM,6/25/2016 11:48 AM,6/25/2016,$0.00,
198,4597,"Saw Horse, Folding",6/18/2016 11:38 AM,6/25/2016 11:48 AM,6/25/2016,$0.00,
198,4556,Corded Drill,6/18/2016 11:54 AM,7/17/2016 6:04 PM,6/25/2016,$0.00,
198,398,House Jack,7/17/2016 6:04 PM,7/24/2016 5:55 PM,7/24/2016,$0.00,
198,400,House Jack,7/17/2016 6:04 PM,7/24/2016 5:55 PM,7/24/2016,$0.00,
198,404,Jigsaw,7/17/2016 6:04 PM,7/24/2016 5:55 PM,7/24/2016,$0.00,
198,4556,Corded Drill,7/17/2016 6:04 PM,7/24/2016 5:55 PM,7/24/2016,$0.00,Renewal
198,4596,"Saw Horse, Folding",7/17/2016 6:04 PM,7/24/2016 5:55 PM,7/24/2016,$0.00,
198,4597,"Saw Horse, Folding",7/17/2016 6:04 PM,7/24/2016 5:55 PM,7/24/2016,$0.00,
218,1,Dehydrator,7/6/2016 6:07 PM,7/14/2016 11:57 AM,7/13/2016,$0.00,
218,4808,Pressure Washer,7/6/2016 6:07 PM,7/27/2016 6:49 PM,7/13/2016,$0.00,
210,4344,Edger Space,7/2/2016 11:16 AM,7/8/2016 11:07 PM,7/9/2016,$0.00,
210,4777,"Manual Lawn Edger, Rotary",7/2/2016 11:16 AM,7/8/2016 11:05 PM,7/9/2016,$0.00,
210,4777,"Manual Lawn Edger, Rotary",7/8/2016 11:05 PM,7/16/2016 11:12 AM,7/16/2016,$0.00,Renewal
210,4344,Edger Space,7/8/2016 11:07 PM,7/16/2016 11:12 AM,7/16/2016,$0.00,Renewal
210,4344,Edger Space,7/16/2016 11:12 AM,7/23/2016 9:13 AM,7/23/2016,$0.00,Renewal
210,4777,"Manual Lawn Edger, Rotary",7/16/2016 11:12 AM,7/23/2016 9:13 AM,7/23/2016,$0.00,Renewal
182,4688,"Nail Gun, Pneumatic",6/11/2016 10:42 AM,6/29/2016 7:03 PM,6/18/2016,$0.00,
182,4641,Allen Wrench Set,6/11/2016 10:42 AM,6/29/2016 7:03 PM,6/18/2016,$0.00,
182,663,Miter Saw,6/11/2016 10:42 AM,6/29/2016 7:03 PM,6/18/2016,$0.00,
231,4524,Bit Set,7/13/2016 6:27 PM,7/16/2016 10:35 AM,7/20/2016,$0.00,
231,3823,Corded Drill,7/13/2016 6:27 PM,7/16/2016 10:35 AM,7/20/2016,$0.00,
231,4524,Bit Set,7/16/2016 10:35 AM,7/23/2016 9:21 AM,7/23/2016,$0.00,Renewal
231,3823,Corded Drill,7/16/2016 10:35 AM,7/23/2016 9:21 AM,7/23/2016,$0.00,Renewal
345,5099,Bow Saw,10/8/2016 11:26 AM,10/15/2016 10:45 AM,10/15/2016,$0.00,
345,4346,Axe,10/8/2016 11:26 AM,10/15/2016 10:45 AM,10/15/2016,$0.00,
345,4764,Lopper,10/8/2016 11:26 AM,10/15/2016 10:45 AM,10/15/2016,$0.00,
345,269,Lopper,10/8/2016 11:26 AM,10/15/2016 10:45 AM,10/15/2016,$0.00,
345,402,Pick Mattock,10/8/2016 11:26 AM,10/15/2016 10:45 AM,10/15/2016,$0.00,
345,408,"Hand Saw, Large",10/8/2016 11:26 AM,10/15/2016 10:45 AM,10/15/2016,$0.00,
229,4834,Miter Saw,7/13/2016 7:43 PM,7/20/2016 7:02 PM,7/20/2016,$0.00,
229,4834,Miter Saw,7/20/2016 7:02 PM,7/29/2016 3:45 PM,7/27/2016,$0.00,Renewal
229,4834,Miter Saw,7/29/2016 3:45 PM,8/4/2016 10:23 AM,8/5/2016,$0.00,Renewal
229,4834,Miter Saw,8/4/2016 10:23 AM,8/17/2016 7:40 PM,8/13/2016,$0.00,Renewal
229,34,Power Sander,10/19/2016 8:47 PM,11/12/2016 9:28 AM,10/26/2016,$0.00,
365,4630,Circular Saw,10/23/2016 5:25 PM,10/30/2016 4:30 PM,10/30/2016,$0.00,
365,4675,Quick Grip Clamp,10/23/2016 5:25 PM,10/30/2016 4:30 PM,10/30/2016,$0.00,
365,4676,Quick Grip Clamp,10/23/2016 5:25 PM,10/30/2016 4:30 PM,10/30/2016,$0.00,
416,5027,Ladder,11/27/2016 4:40 PM,12/4/2016 6:41 PM,12/4/2016,$0.00,
453,3743,Circular Saw,12/28/2016 6:20 PM,12/28/2016 7:19 PM,1/4/2017,$0.00,
453,4676,Quick Grip Clamp,12/28/2016 6:20 PM,12/28/2016 7:19 PM,1/4/2017,$0.00,
453,364,Quick Grip Clamp,12/28/2016 6:20 PM,12/28/2016 7:19 PM,1/4/2017,$0.00,
453,4596,"Saw Horse, Folding",12/28/2016 6:20 PM,12/28/2016 7:19 PM,1/4/2017,$0.00,
453,4597,"Saw Horse, Folding",12/28/2016 6:20 PM,12/28/2016 7:19 PM,1/4/2017,$0.00,
453,365,T-square,12/28/2016 6:20 PM,12/28/2016 6:37 PM,1/4/2017,$0.00,
453,369,Quick Grip Clamp,12/28/2016 6:42 PM,12/28/2016 7:19 PM,1/4/2017,$0.00,
453,212,Level,12/28/2016 6:42 PM,12/28/2016 7:19 PM,1/4/2017,$0.00,
453,4675,Quick Grip Clamp,12/28/2016 6:42 PM,12/28/2016 7:19 PM,1/4/2017,$0.00,
151,137,Lug Nut Wrench,5/11/2016 6:27 PM,5/18/2016 6:28 PM,5/18/2016,$0.00,
448,5209,Cordless Drill 20V With Battery,12/18/2016 5:02 PM,12/25/2016 6:14 PM,12/25/2016,$0.00,
448,223,Stud Finder,12/18/2016 5:02 PM,12/25/2016 6:14 PM,12/25/2016,$0.00,
448,5208,"Nut Driver, 1/2in",12/18/2016 5:02 PM,12/25/2016 6:14 PM,12/25/2016,$0.00,
448,5208,"Nut Driver, 1/2in",12/25/2016 6:14 PM,2/5/2017 5:50 PM,1/1/2017,$0.00,Renewal
448,5209,Cordless Drill 20V With Battery,12/25/2016 6:14 PM,2/5/2017 5:50 PM,1/1/2017,$0.00,Renewal
448,223,Stud Finder,12/25/2016 6:14 PM,2/5/2017 5:50 PM,1/1/2017,$0.00,Renewal
232,1885,Fertilizer Spreader,7/13/2016 6:53 PM,7/17/2016 4:48 PM,7/20/2016,$0.00,
436,5204,Bar Clamp,12/11/2016 6:33 PM,12/21/2016 8:21 PM,12/18/2016,$0.00,
436,5202,Hand Saw,12/11/2016 6:33 PM,12/21/2016 8:21 PM,12/18/2016,$0.00,
324,4773,Bar Clamp,9/24/2016 9:58 AM,10/2/2016 5:42 PM,10/1/2016,$0.00,
324,4774,Bar Clamp,9/24/2016 9:58 AM,10/2/2016 5:42 PM,10/1/2016,$0.00,
324,4032,Plane,9/24/2016 9:58 AM,10/2/2016 5:42 PM,10/1/2016,$0.00,
324,4602,Adjustable Square,9/24/2016 9:58 AM,10/2/2016 5:42 PM,10/1/2016,$0.00,
324,4773,Bar Clamp,10/2/2016 5:42 PM,10/29/2016 11:28 AM,10/9/2016,$0.00,Renewal
324,4774,Bar Clamp,10/2/2016 5:42 PM,10/29/2016 11:28 AM,10/9/2016,$0.00,Renewal
324,4032,Plane,10/2/2016 5:42 PM,10/29/2016 11:28 AM,10/9/2016,$0.00,Renewal
324,4602,Adjustable Square,10/2/2016 5:42 PM,10/29/2016 11:28 AM,10/9/2016,$0.00,Renewal
155,4015,Hack Saw,5/15/2016 4:41 PM,5/21/2016 9:36 AM,5/22/2016,$0.00,
358,5060,"Slip Joint Pliers, Large",10/16/2016 5:33 PM,10/23/2016 6:20 PM,10/23/2016,$0.00,
358,4155,Caulk Gun,10/30/2016 6:40 PM,11/13/2016 6:14 PM,11/6/2016,$0.00,
358,5125,Cordless Impact Driver,10/30/2016 6:40 PM,11/13/2016 6:14 PM,11/6/2016,$0.00,
401,4336,Pipe Wrench,11/13/2016 5:19 PM,11/16/2016 8:11 PM,11/20/2016,$0.00,
128,4993,"Saw Horse, Folding",7/31/2016 7:17 PM,9/25/2016 5:24 PM,8/7/2016,$0.00,
128,5000,"Saw Horse, Folding",7/31/2016 7:17 PM,9/25/2016 5:24 PM,8/7/2016,$0.00,
128,663,Miter Saw,10/8/2016 11:38 AM,10/16/2016 5:29 PM,10/15/2016,$0.00,
128,4888,Putty Knife,10/8/2016 11:38 AM,10/16/2016 5:29 PM,10/15/2016,$0.00,
128,663,Miter Saw,10/16/2016 5:29 PM,11/29/2016 9:32 PM,10/23/2016,$0.00,Renewal
128,4888,Putty Knife,10/16/2016 5:29 PM,11/29/2016 9:32 PM,10/23/2016,$0.00,Renewal
128,312,Clamp,11/29/2016 9:32 PM,12/4/2016 4:22 PM,12/6/2016,$0.00,
128,1603,Hack Saw Guide,11/29/2016 9:32 PM,12/4/2016 4:22 PM,12/6/2016,$0.00,
128,663,Miter Saw,11/29/2016 9:32 PM,12/4/2016 4:22 PM,12/7/2016,$0.00,Renewal
128,4888,Putty Knife,11/29/2016 9:32 PM,12/4/2016 4:22 PM,12/7/2016,$0.00,Renewal
128,312,Clamp,12/4/2016 4:22 PM,12/10/2016 5:35 PM,12/11/2016,$0.00,Renewal
128,1603,Hack Saw Guide,12/4/2016 4:22 PM,12/10/2016 5:35 PM,12/11/2016,$0.00,Renewal
128,4888,Putty Knife,12/4/2016 4:22 PM,12/10/2016 5:35 PM,12/11/2016,$0.00,Renewal
128,654,"Finish Nailer, Pneumatic",12/10/2016 5:35 PM,12/11/2016 2:55 PM,12/17/2016,$0.00,
128,4348,Irwin Snips,12/10/2016 5:35 PM,12/11/2016 2:55 PM,12/17/2016,$0.00,
128,4888,Putty Knife,12/10/2016 5:35 PM,12/11/2016 2:55 PM,12/17/2016,$0.00,Renewal
128,3718,Tin Snips,12/10/2016 5:35 PM,12/11/2016 2:55 PM,12/17/2016,$0.00,
128,654,"Finish Nailer, Pneumatic",12/11/2016 2:55 PM,12/17/2016 7:07 PM,12/18/2016,$0.00,Renewal
128,4348,Irwin Snips,12/11/2016 2:55 PM,12/17/2016 7:07 PM,12/18/2016,$0.00,Renewal
128,4888,Putty Knife,12/11/2016 2:55 PM,12/17/2016 7:07 PM,12/18/2016,$0.00,Renewal
128,4596,"Saw Horse, Folding",12/11/2016 2:55 PM,12/17/2016 7:07 PM,12/18/2016,$0.00,
128,4597,"Saw Horse, Folding",12/11/2016 2:55 PM,12/17/2016 7:07 PM,12/18/2016,$0.00,
128,3718,Tin Snips,12/11/2016 2:55 PM,12/17/2016 7:07 PM,12/18/2016,$0.00,Renewal
128,4888,Putty Knife,12/17/2016 7:07 PM,12/18/2016 6:21 PM,12/24/2016,$0.00,Renewal
237,4320,"Power Sander, Flexible",7/16/2016 11:08 AM,7/23/2016 12:30 PM,7/23/2016,$0.00,
237,4347,Power Sander,7/16/2016 11:08 AM,7/23/2016 12:30 PM,7/23/2016,$0.00,
237,4543,Stud Finder,7/16/2016 11:08 AM,7/23/2016 12:30 PM,7/23/2016,$0.00,
237,4405,Extension Cord,7/16/2016 11:18 AM,7/23/2016 12:30 PM,7/23/2016,$0.00,
237,4405,Extension Cord,7/23/2016 12:30 PM,7/30/2016 11:19 AM,7/30/2016,$0.00,Renewal
237,4320,"Power Sander, Flexible",7/23/2016 12:30 PM,7/30/2016 11:19 AM,7/30/2016,$0.00,Renewal
237,4347,Power Sander,7/23/2016 12:30 PM,7/30/2016 11:19 AM,7/30/2016,$0.00,Renewal
237,4543,Stud Finder,7/23/2016 12:30 PM,7/30/2016 11:19 AM,7/30/2016,$0.00,Renewal
237,4405,Extension Cord,7/30/2016 11:19 AM,8/6/2016 9:18 AM,8/6/2016,$0.00,Renewal
237,4543,Stud Finder,7/30/2016 11:19 AM,8/6/2016 9:18 AM,8/6/2016,$0.00,Renewal
237,670,"Corded Drill, 1/2in",7/30/2016 11:27 AM,8/6/2016 9:18 AM,8/6/2016,$0.00,
237,4935,Drill Bit & Screwdriver Set,7/30/2016 11:27 AM,8/6/2016 9:18 AM,8/6/2016,$0.00,
237,4405,Extension Cord,8/6/2016 9:18 AM,8/13/2016 11:41 AM,8/13/2016,$0.00,Renewal
237,670,"Corded Drill, 1/2in",8/6/2016 9:18 AM,8/13/2016 11:41 AM,8/13/2016,$0.00,Renewal
237,4935,Drill Bit & Screwdriver Set,8/6/2016 9:18 AM,8/13/2016 11:41 AM,8/13/2016,$0.00,Renewal
237,4543,Stud Finder,8/6/2016 9:18 AM,8/13/2016 11:41 AM,8/13/2016,$0.00,Renewal
237,4405,Extension Cord,8/13/2016 11:41 AM,8/21/2016 4:32 PM,8/20/2016,$0.00,Renewal
237,670,"Corded Drill, 1/2in",8/13/2016 11:41 AM,8/21/2016 4:32 PM,8/20/2016,$0.00,Renewal
237,4935,Drill Bit & Screwdriver Set,8/13/2016 11:41 AM,8/21/2016 4:32 PM,8/20/2016,$0.00,Renewal
237,4543,Stud Finder,8/13/2016 11:41 AM,8/21/2016 4:32 PM,8/20/2016,$0.00,Renewal
348,185,Jigsaw,10/12/2016 7:31 PM,10/19/2016 6:39 PM,10/19/2016,$0.00,
348,4405,Extension Cord,10/12/2016 7:32 PM,10/19/2016 6:39 PM,10/19/2016,$0.00,
357,4687,Bolt Cutter,10/16/2016 4:52 PM,10/16/2016 5:34 PM,10/23/2016,$0.00,
353,4472,Cordless Drill,10/22/2016 11:32 AM,10/29/2016 2:15 PM,10/29/2016,$0.00,
353,96,Level,10/22/2016 11:32 AM,10/29/2016 2:15 PM,10/29/2016,$0.00,
353,4837,Stud Finder,10/22/2016 11:32 AM,10/29/2016 2:15 PM,10/29/2016,$0.00,
353,5070,Drill Bit Set,10/26/2016 6:28 PM,11/5/2016 10:24 AM,11/2/2016,$0.00,
353,4924,Jigsaw,10/26/2016 6:28 PM,11/5/2016 10:24 AM,11/2/2016,$0.00,
353,4853,Plane,10/26/2016 6:28 PM,11/5/2016 10:24 AM,11/2/2016,$0.00,
353,272,Work Bench,10/26/2016 6:28 PM,11/5/2016 10:24 AM,11/2/2016,$0.00,
353,4837,Stud Finder,10/29/2016 2:15 PM,11/5/2016 10:24 AM,11/5/2016,$0.00,Renewal
353,96,Level,10/29/2016 2:15 PM,11/5/2016 10:24 AM,11/5/2016,$0.00,Renewal
353,4472,Cordless Drill,10/29/2016 2:15 PM,11/5/2016 10:24 AM,11/5/2016,$0.00,Renewal
353,4472,Cordless Drill,11/5/2016 10:24 AM,11/12/2016 11:14 AM,11/12/2016,$0.00,Renewal
353,5070,Drill Bit Set,11/5/2016 10:24 AM,11/12/2016 11:14 AM,11/12/2016,$0.00,Renewal
353,4924,Jigsaw,11/5/2016 10:24 AM,11/12/2016 11:14 AM,11/12/2016,$0.00,Renewal
353,96,Level,11/5/2016 10:24 AM,11/12/2016 11:14 AM,11/12/2016,$0.00,Renewal
353,4853,Plane,11/5/2016 10:24 AM,11/12/2016 11:14 AM,11/12/2016,$0.00,Renewal
353,4837,Stud Finder,11/5/2016 10:24 AM,11/12/2016 11:14 AM,11/12/2016,$0.00,Renewal
353,272,Work Bench,11/5/2016 10:24 AM,11/12/2016 11:14 AM,11/12/2016,$0.00,Renewal
353,4472,Cordless Drill,11/12/2016 11:14 AM,11/19/2016 11:04 AM,11/19/2016,$0.00,Renewal
353,5070,Drill Bit Set,11/12/2016 11:14 AM,11/19/2016 11:04 AM,11/19/2016,$0.00,Renewal
353,4924,Jigsaw,11/12/2016 11:14 AM,11/19/2016 11:04 AM,11/19/2016,$0.00,Renewal
353,96,Level,11/12/2016 11:14 AM,11/19/2016 11:04 AM,11/19/2016,$0.00,Renewal
353,4853,Plane,11/12/2016 11:14 AM,11/19/2016 11:04 AM,11/19/2016,$0.00,Renewal
353,4837,Stud Finder,11/12/2016 11:14 AM,11/19/2016 11:04 AM,11/19/2016,$0.00,Renewal
353,272,Work Bench,11/12/2016 11:14 AM,11/19/2016 11:04 AM,11/19/2016,$0.00,Renewal
353,4465,Hand Saw,12/10/2016 11:46 AM,12/17/2016 9:50 PM,12/17/2016,$0.00,
353,4465,Hand Saw,12/17/2016 9:50 PM,12/31/2016 11:06 AM,12/24/2016,$0.00,Renewal
424,5127,Corded Drill,11/30/2016 8:05 PM,11/30/2016 8:05 PM,12/7/2016,$0.00,
424,5069,Drill Bit Set,11/30/2016 8:05 PM,12/4/2016 5:09 PM,12/7/2016,$0.00,
424,5127,Corded Drill,11/30/2016 8:05 PM,12/4/2016 5:09 PM,12/7/2016,$0.00,Renewal
402,5131,Conduit Bender,11/13/2016 5:55 PM,12/7/2016 8:08 PM,11/20/2016,$0.00,
402,4795,"Crow Bar, Pointed End",11/13/2016 5:55 PM,12/7/2016 8:08 PM,11/20/2016,$0.00,
402,5085,Tubing Cutter,11/13/2016 5:55 PM,12/7/2016 8:08 PM,11/20/2016,$0.00,
