Loan ID,Membership ID,Item ID,Item Name,Checked Out,Checked In,Due Date,Late Fees to Date,Renewal
3413840,262,7620,Shoulder Dolly,1/22/2023 5:26 PM,,1/29/2023,$0.00,
3441930,4317,6023,"Battery Charger, Automotive",2/5/2023 6:07 PM,,2/12/2023,$0.00,
3441927,4317,8247,Cordless Joist Drill Set BATT_X,2/5/2023 6:07 PM,,2/12/2023,$0.00,
3441928,4317,4579,Cat 5 Ethernet And Phone Crimper,2/5/2023 6:07 PM,,2/12/2023,$0.00,
3441926,4317,6470,File,2/5/2023 6:07 PM,,2/12/2023,$0.00,
3441929,4317,922,Wirestripper,2/5/2023 6:07 PM,,2/12/2023,$0.00,
4716381,3126,3759,Profile Sander,6/6/2024 7:08 PM,,6/20/2024,$0.00,
4716380,3126,30017,Corner Cat Sander,6/6/2024 7:08 PM,,6/20/2024,$0.00,
3727117,2394,4139,Framing Hammer,5/31/2023 8:32 PM,,6/7/2023,$0.00,
4300372,5347,7082,Circular Saw,1/15/2024 7:55 PM,,1/29/2024,$0.00,
4300375,5347,30003,Driver Bit Set (impact rated),1/15/2024 7:55 PM,,1/29/2024,$0.00,
4300370,5347,9567,"Hatchet, With Cover",1/15/2024 7:55 PM,,1/29/2024,$0.00,
4300374,5347,100,Heater,1/15/2024 7:55 PM,,1/29/2024,$0.00,
4300377,5347,4993,"Saw Horse, Folding",1/15/2024 7:55 PM,,1/29/2024,$0.00,
4300378,5347,5000,"Saw Horse, Folding",1/15/2024 7:55 PM,,1/29/2024,$0.00,
4300373,5347,8757,Square Shovel,1/15/2024 7:55 PM,,1/29/2024,$0.00,
4300369,5347,4033,Speed Square,1/15/2024 7:55 PM,,1/29/2024,$0.00,
4300368,5347,4946,T-square,1/15/2024 7:55 PM,,1/29/2024,$0.00,
4722001,5381,4055,Juggling Pins,6/8/2024 8:51 AM,,6/22/2024,$0.00,Renewal
4415789,5509,625,Claw Hammer,3/2/2024 11:42 AM,,3/16/2024,$0.00,
4415790,5509,9323,Cordless Drill,3/2/2024 11:42 AM,,3/16/2024,$0.00,
4415794,5509,30022,Ryobi One+ Battery (1.5Ah),3/2/2024 11:42 AM,,3/16/2024,$0.00,
4415791,5509,9071,Hex Shank Drill Bit Set,3/2/2024 11:42 AM,,3/16/2024,$0.00,
4415792,5509,2086,Electric Screwdriver,3/2/2024 11:42 AM,,3/16/2024,$0.00,
4415786,5509,7205,"Flat Screwdriver, Long",3/2/2024 11:42 AM,,3/16/2024,$0.00,
4415785,5509,9294,Flat Screwdrivers,3/2/2024 11:42 AM,,3/16/2024,$0.00,
4415784,5509,8979,Needlenose pliers,3/2/2024 11:42 AM,,3/16/2024,$0.00,
4415795,5509,6044,Phillips Screwdriver,3/2/2024 11:42 AM,,3/16/2024,$0.00,
4415796,5509,6066,Phillips Screwdriver,3/2/2024 11:42 AM,,3/16/2024,$0.00,
4415793,5509,918,Ryobi One+ Battery Charger,3/2/2024 11:42 AM,,3/16/2024,$0.00,
4415787,5509,2473,Slip Joint Pliers,3/2/2024 11:42 AM,,3/16/2024,$0.00,
4415788,5509,66852,"Tape Measure, 10ft",3/2/2024 11:42 AM,,3/16/2024,$0.00,
3950919,3493,5669,Box Cutter,8/26/2023 9:40 AM,,9/2/2023,$0.00,
3760961,3404,8988,Bottom Bracket Bearing Press Set,6/13/2023 6:45 PM,,6/20/2023,$0.00,Renewal
3760960,3404,2629,Sewing Machine,6/13/2023 6:45 PM,,6/20/2023,$0.00,Renewal
2346572,3146,752,Socket 1in,5/11/2021 7:11 PM,,5/18/2021,$0.00,
2346573,3146,753,Socket 13/16in,5/11/2021 7:11 PM,,5/18/2021,$0.00,
2346574,3146,8030,Socket 3/4in,5/11/2021 7:11 PM,,5/18/2021,$0.00,
1980340,2511,396,Circular Saw,6/25/2020 4:03 PM,,8/1/2020,$0.00,Renewal
4763162,5735,66711,Red ball hand pump,6/20/2024 7:11 PM,,7/4/2024,$0.00,
4763163,5735,67095,Star Hole Punch,6/20/2024 7:11 PM,,7/4/2024,$0.00,
4763164,5735,67096,Star Hole Punch,6/20/2024 7:11 PM,,7/4/2024,$0.00,
4763159,5735,67097,Multiple Star Hole Punch,6/20/2024 7:11 PM,,7/4/2024,$0.00,
4763161,5735,4986,Magnifying Glass,6/20/2024 7:11 PM,,7/4/2024,$0.00,
4786229,5735,7751,"Claw Hammer, Small",6/27/2024 8:32 PM,,7/11/2024,$0.00,
4786232,5735,4419,Candy Thermometer,6/27/2024 8:32 PM,,7/11/2024,$0.00,
4786234,5735,9484,candle wax double boiler pot,6/27/2024 8:32 PM,,7/11/2024,$0.00,
4786237,5735,7673,Label Printer,6/27/2024 8:32 PM,,7/11/2024,$0.00,
4786233,5735,5448,Level,6/27/2024 8:32 PM,,7/11/2024,$0.00,
4786236,5735,7813,Window Screen Repair,6/27/2024 8:32 PM,,7/11/2024,$0.00,
4786230,5735,66961,Rubber Mallet,6/27/2024 8:32 PM,,7/11/2024,$0.00,
4786231,5735,9582,Hand Blender,6/27/2024 8:32 PM,,7/11/2024,$0.00,
4786235,5735,9600,Thermometer,6/27/2024 8:32 PM,,7/11/2024,$0.00,
4612360,3435,994,Random Orbit Sander,5/6/2024 8:47 PM,,5/20/2024,$0.00,
2325703,3128,7652,90 Amp MIG Flux Wire Welder,4/27/2021 8:47 PM,,5/4/2021,$0.00,
2325708,3128,6869,Band Clamp,4/27/2021 9:00 PM,,5/4/2021,$0.00,
4739894,5797,66956,Driling and Driving Accessory Kit,6/13/2024 6:43 PM,,6/27/2024,$0.00,
4739895,5797,9259,"Corded Drill, 3/8in",6/13/2024 6:43 PM,,6/27/2024,$0.00,
4740056,5797,1129,Wire Cutters,6/13/2024 8:02 PM,,6/27/2024,$0.00,
4701149,5563,66988,Socket Wrench Extension,6/1/2024 12:05 PM,,6/15/2024,$0.00,
4701150,5563,857,Socket Wrench,6/1/2024 12:05 PM,,6/15/2024,$0.00,
3843181,4812,7535,Roto Zip,7/15/2023 11:53 AM,,7/22/2023,$0.00,
4472977,5582,4136,Pipe Wrench,3/23/2024 11:46 AM,,4/6/2024,$0.00,
3942475,3349,8081,Heat Gun,8/23/2023 6:07 PM,,8/30/2023,$0.00,
3942474,3349,8828,Wood burning tool,8/23/2023 6:07 PM,,8/30/2023,$0.00,
2502647,3292,8256,20V Max 3.0Ah Battery BATT_X,8/28/2021 11:35 AM,,9/4/2021,$0.00,
2502652,3292,7358,"Wrench, Adjustable, Large",8/28/2021 11:35 AM,,9/4/2021,$0.00,
2502654,3292,8141,Adjusable Wrench,8/28/2021 11:35 AM,,9/4/2021,$0.00,
2502662,3292,5482,Hydraulic Jack,8/28/2021 11:35 AM,,9/4/2021,$0.00,
2502659,3292,574,Scissor Jack,8/28/2021 11:35 AM,,9/4/2021,$0.00,
2502664,3292,256,Bicycle Trailer,8/28/2021 11:35 AM,,9/4/2021,$0.00,
2502648,3292,7628,Bolt Cutter,8/28/2021 11:35 AM,,9/4/2021,$0.00,
2502650,3292,6230,"Box Wrench, 1-1/8in, 1-1/2in",8/28/2021 11:35 AM,,9/4/2021,$0.00,
2502656,3292,8222,Power Hammer,8/28/2021 11:35 AM,,9/4/2021,$0.00,
2502663,3292,8244,Cordless Jigsaw BATT_X,8/28/2021 11:35 AM,,9/4/2021,$0.00,
2502646,3292,8245,Cordless Oscillating Multi-Tool BATT_X,8/28/2021 11:35 AM,,9/4/2021,$0.00,
2502667,3292,3825,"Crow Bar, Chisel End",8/28/2021 11:35 AM,,9/4/2021,$0.00,
2502655,3292,5628,Vice Grip,8/28/2021 11:35 AM,,9/4/2021,$0.00,
2502661,3292,7349,Backpack,8/28/2021 11:35 AM,,9/4/2021,$0.00,
2502666,3292,4441,Glue Gun,8/28/2021 11:35 AM,,9/4/2021,$0.00,
2502671,3292,7929,"Jack Stand, 2 Ton",8/28/2021 11:35 AM,,9/4/2021,$0.00,
2502672,3292,7930,"Jack Stand, 2 Ton",8/28/2021 11:35 AM,,9/4/2021,$0.00,
2502649,3292,6631,Nail Puller,8/28/2021 11:35 AM,,9/4/2021,$0.00,
2502651,3292,6669,End Cutting Nippers,8/28/2021 11:35 AM,,9/4/2021,$0.00,
2502658,3292,5928,Needle Nose Pliers,8/28/2021 11:35 AM,,9/4/2021,$0.00,
2502668,3292,6803,Handheld Pry Bar,8/28/2021 11:35 AM,,9/4/2021,$0.00,
2502653,3292,8281,Quick Grip Clamp,8/28/2021 11:35 AM,,9/4/2021,$0.00,
2502645,3292,7721,Toolbox (Empty),8/28/2021 11:35 AM,,9/4/2021,$0.00,
2502669,3292,5341,Wire Cutter,8/28/2021 11:35 AM,,9/4/2021,$0.00,
2502657,3292,5923,Wire Cutter,8/28/2021 11:35 AM,,9/4/2021,$0.00,
2502670,3292,8140,Wire Cutters,8/28/2021 11:35 AM,,9/4/2021,$0.00,
2756702,3580,721,Cordless Drill Set,2/23/2022 6:47 PM,,3/2/2022,$0.00,
2756701,3580,7308,Drill Bit Set,2/23/2022 6:47 PM,,3/2/2022,$0.00,
4670752,5631,522,bottom bracket wrench,5/23/2024 8:06 PM,,6/6/2024,$0.00,Renewal
4745812,5883,795,hedge trimmer,6/15/2024 9:27 AM,,6/29/2024,$0.00,
2167137,2082,4627,Belt Sander,11/29/2020 4:31 PM,,12/19/2020,$0.00,Renewal
2167138,2082,4632,Caulk Gun,11/29/2020 4:31 PM,,12/19/2020,$0.00,Renewal
2167140,2082,277,"Reciprocating Saw, Cordless",11/29/2020 4:31 PM,,12/19/2020,$0.00,Renewal
2167141,2082,7490,Drill Bit Kit,11/29/2020 4:31 PM,,12/19/2020,$0.00,Renewal
2167143,2082,6476,Extension Cord,11/29/2020 4:31 PM,,12/19/2020,$0.00,Renewal
2167142,2082,6895,"Extension Cord, Non-Grounded",11/29/2020 4:31 PM,,12/19/2020,$0.00,Renewal
2167145,2082,6460,Jigsaw,11/29/2020 4:31 PM,,12/19/2020,$0.00,Renewal
2167144,2082,4288,Laser Level,11/29/2020 4:31 PM,,12/19/2020,$0.00,Renewal
2167139,2082,7386,Corded Drill,11/29/2020 4:31 PM,,12/19/2020,$0.00,Renewal
2167146,2082,5253,"Shop Vac, Dry Only, 1 Gal",11/29/2020 4:31 PM,,12/19/2020,$0.00,Renewal
3935936,4907,9437,Ryobi 18 volt One+ battery,8/20/2023 7:22 PM,,8/27/2023,$0.00,
3935937,4907,9263,Battery Charger,8/20/2023 7:22 PM,,8/27/2023,$0.00,
3935938,4907,9073,Cordless Drill,8/20/2023 7:22 PM,,8/27/2023,$0.00,
2977209,3780,5853,Belt Sander,6/18/2022 11:56 AM,,6/25/2022,$0.00,
2977210,3780,691,Respirator,6/18/2022 11:56 AM,,6/25/2022,$0.00,
4770480,5956,5048,Profile Sander,6/22/2024 12:07 PM,,7/6/2024,$0.00,
4770481,5956,8799,Random Orbit Palm Sander,6/22/2024 12:07 PM,,7/6/2024,$0.00,
4770479,5956,8299,"Shop Vac, Wet/Dry, 9 Gal",6/22/2024 12:07 PM,,7/6/2024,$0.00,
4775215,5956,1007,Belt sander,6/24/2024 8:21 PM,,7/8/2024,$0.00,
4751943,5721,167,"Folding Chair, Metal",6/17/2024 7:14 PM,,7/1/2024,$0.00,
2304753,3120,4646,Claw Hammer,4/13/2021 6:57 PM,,4/20/2021,$0.00,
2304755,3120,7225,Flat Screwdriver,4/13/2021 6:57 PM,,4/20/2021,$0.00,
2304754,3120,4919,Phillips Screwdriver,4/13/2021 6:57 PM,,4/20/2021,$0.00,
2394584,1218,7633,Chainsaw,6/12/2021 11:08 AM,,6/19/2021,$0.00,Renewal
1980358,2319,4634,Bolt Cutters,6/25/2020 4:03 PM,,8/1/2020,$0.00,Renewal
4062351,5071,5118,Drill Bit Set,10/3/2023 7:10 PM,,10/10/2023,$0.00,
4178575,5071,9553,Phillips Screwdriver,11/14/2023 8:49 PM,,11/28/2023,$0.00,
4178576,5071,9098,Screwdriver,11/14/2023 8:49 PM,,11/28/2023,$0.00,
4747075,5919,3958,"Corded Drill, 1/4in",6/15/2024 12:02 PM,,6/29/2024,$0.00,
2662157,3437,5852,Angle Grinder,12/7/2021 8:13 AM,,12/14/2021,$0.00,Renewal
2662158,3437,8020,Goggles,12/7/2021 8:14 AM,,12/14/2021,$0.00,Renewal
2662159,3437,7002,Hack Saw,12/7/2021 8:14 AM,,12/14/2021,$0.00,Renewal
2662160,3437,4405,Extension Cord,12/7/2021 8:14 AM,,12/14/2021,$0.00,Renewal
3988928,2202,7684,Windows Laptop (LAB2) With Charger,9/9/2023 9:52 AM,,9/23/2023,$0.00,Renewal
4770061,4598,87,Moving Blanket,6/22/2024 11:26 AM,,7/6/2024,$0.00,
1980360,2390,476,Cordless Drill,6/25/2020 4:03 PM,,8/1/2020,$0.00,Renewal
1980361,2390,5128,Jigsaw,6/25/2020 4:03 PM,,8/1/2020,$0.00,Renewal
1980362,2390,6855,Battery Charger,6/25/2020 4:03 PM,,8/1/2020,$0.00,Renewal
4769702,5732,67071,Car Battery Charger & Jump Starter,6/22/2024 10:51 AM,,7/6/2024,$0.00,
3515469,4396,8989,Metric Combination Wrench Set,3/12/2023 4:16 PM,,3/19/2023,$0.00,
3515470,4396,6070,Phillips Screwdriver,3/12/2023 4:16 PM,,3/19/2023,$0.00,
3880150,3694,8755,"Cordless Drill Kit, 3/8in",7/30/2023 4:10 PM,,8/6/2023,$0.00,Renewal
3880149,3694,9212,Driver Bit Set,7/30/2023 4:10 PM,,8/6/2023,$0.00,Renewal
4065716,2520,6889,Cordless Drill Set,10/4/2023 6:45 PM,,10/11/2023,$0.00,
4053588,5061,105,Stud Finder,9/30/2023 11:49 AM,,10/7/2023,$0.00,
3877910,4858,829,Blue gardening gloves,7/29/2023 11:47 AM,,8/5/2023,$0.00,
3877912,4858,7701,Lopper,7/29/2023 11:47 AM,,8/5/2023,$0.00,
3877913,4858,6946,Pole Saw,7/29/2023 11:47 AM,,8/5/2023,$0.00,
3877911,4858,606,Work Gloves,7/29/2023 11:47 AM,,8/5/2023,$0.00,
4723868,5727,7408,Camping Chair,6/8/2024 12:04 PM,,6/22/2024,$0.00,
4723869,5727,7997,Camping Chair,6/8/2024 12:04 PM,,6/22/2024,$0.00,
4723867,5727,6769,Cooler,6/8/2024 12:04 PM,,6/22/2024,$0.00,
4736123,5727,4848,Cooler,6/12/2024 6:11 PM,,6/26/2024,$0.00,
2476068,3235,5625,Staple Gun,8/10/2021 5:03 PM,,8/17/2021,$0.00,Renewal
4760307,3050,6308,Bucket,6/20/2024 10:51 AM,,6/30/2024,$0.00,Renewal
4760309,3050,6994,Paint Roller,6/20/2024 10:51 AM,,6/30/2024,$0.00,Renewal
4760310,3050,7078,Paint Mixer Drill Bit,6/20/2024 10:51 AM,,6/30/2024,$0.00,Renewal
4760311,3050,7845,Shopvac Sander,6/20/2024 10:52 AM,,6/30/2024,$0.00,Renewal
4267971,5140,6153,Voltage Tester,12/23/2023 12:11 PM,,1/6/2024,$0.00,
4404749,5140,5286,Jumper Cables,2/27/2024 8:11 PM,,3/12/2024,$0.00,
4404747,5140,66948,Extension Cord,2/27/2024 8:11 PM,,3/12/2024,$0.00,
4404750,5140,9227,Pliers,2/27/2024 8:11 PM,,3/12/2024,$0.00,
4663179,5811,963,Orbital Sander,5/21/2024 8:02 PM,,6/4/2024,$0.00,
4749537,5926,66756,Hook,6/16/2024 6:49 PM,,6/30/2024,$0.00,
4749535,5926,67084,needle nose pliers,6/16/2024 6:49 PM,,6/30/2024,$0.00,
4749536,5926,8786,"Torx Screwdriver, T30, P-Handled",6/16/2024 6:49 PM,,6/30/2024,$0.00,
2616169,3406,8249,12V/20V Charger BATT_X,11/6/2021 10:14 AM,,11/13/2021,$0.00,
1980367,2595,4624,Crank Remover,6/25/2020 4:03 PM,,8/1/2020,$0.00,Renewal
4473110,5578,66820,Key Cutter,3/23/2024 12:03 PM,,4/6/2024,$0.00,
4670763,5578,66761,6 inch bench grinder,5/23/2024 9:03 PM,,6/6/2024,$0.00,
4670761,5578,67039,Berry Picker,5/23/2024 9:03 PM,,6/6/2024,$0.00,
4670762,5578,7344,Multimeter,5/23/2024 9:03 PM,,6/6/2024,$0.00,
3311338,4129,7355,Hydraulic Brake Tools,11/19/2022 11:09 AM,,11/26/2022,$0.00,
3311339,4129,5857,Electric Chainsaw,11/19/2022 11:09 AM,,11/26/2022,$0.00,
3311336,4129,7319,Circular Saw,11/19/2022 11:09 AM,,11/26/2022,$0.00,
3311340,4129,7716,"Circular Saw, Cordless",11/19/2022 11:09 AM,,11/26/2022,$0.00,
3311337,4129,7412,Cordless Drill Set,11/19/2022 11:09 AM,,11/26/2022,$0.00,
3311334,4129,7609,Thermos,11/19/2022 11:09 AM,,11/26/2022,$0.00,
3311341,4129,8889,255mm Miter Saw,11/19/2022 11:09 AM,,11/26/2022,$0.00,
3311335,4129,8899,Battery Charger,11/19/2022 11:09 AM,,11/26/2022,$0.00,
3415198,3449,8998,"7.25"" Circular Saw",1/23/2023 9:33 PM,,1/31/2023,$0.00,Renewal
3415199,3449,6726,Drill Press,1/23/2023 9:33 PM,,1/31/2023,$0.00,Renewal
3415200,3449,8193,Reciprocating Saw,1/23/2023 9:34 PM,,1/31/2023,$0.00,Renewal
4770235,5955,66979,Hand Cart,6/22/2024 11:42 AM,,7/6/2024,$0.00,
4770234,5955,67022,Medium Dolly,6/22/2024 11:42 AM,,7/6/2024,$0.00,
4770233,5955,8324,Ratchet Strap,6/22/2024 11:42 AM,,7/6/2024,$0.00,
4368533,5055,9144,Socket,2/13/2024 8:40 PM,,2/27/2024,$0.00,Renewal
4368532,5055,66797,Car Jack,2/13/2024 8:40 PM,,2/27/2024,$0.00,Renewal
1980368,2408,3893,Multibit Screwdriver,6/25/2020 4:03 PM,,8/1/2020,$0.00,Renewal
4703656,441,6280,Caulk Gun,6/2/2024 8:30 PM,,7/10/2024,$0.00,Renewal
4786210,765,66722,36â Bar Clamp,6/27/2024 7:37 PM,,7/4/2024,$0.00,
4786209,765,66859,24â Bar Clamp,6/27/2024 7:37 PM,,7/4/2024,$0.00,
4786212,765,5199,"Miter Box, With Saw",6/27/2024 7:37 PM,,7/4/2024,$0.00,
4786211,765,66957,Dowelling Jig Master Kit,6/27/2024 7:37 PM,,7/4/2024,$0.00,
4758487,4938,4853,Plane,6/19/2024 6:23 PM,,7/3/2024,$0.00,
4758488,4938,6921,Plane,6/19/2024 6:23 PM,,7/3/2024,$0.00,
4774283,5890,2082,Extension cord,6/24/2024 12:11 PM,,7/9/2024,$0.00,Renewal
4774284,5890,9529,"Work Light, Small, Hanging",6/24/2024 12:11 PM,,7/9/2024,$0.00,Renewal
4774285,5890,974,Work Light,6/24/2024 12:11 PM,,7/9/2024,$0.00,Renewal
4774286,5890,168,"Folding Chair, Metal",6/24/2024 12:11 PM,,7/9/2024,$0.00,Renewal
4774287,5890,169,"Folding Chair, Metal",6/24/2024 12:11 PM,,7/9/2024,$0.00,Renewal
4774289,5890,6749,"Folding Chair, Metal",6/24/2024 12:11 PM,,7/9/2024,$0.00,Renewal
4774290,5890,6764,"Folding Chair, Metal",6/24/2024 12:11 PM,,7/9/2024,$0.00,Renewal
4399332,5440,7832,"Shop Vac, Wet/Dry, 1.5 Gal",2/25/2024 5:24 PM,,3/10/2024,$0.00,Renewal
2736526,3550,5718,Bike Pump,2/9/2022 8:50 PM,,2/16/2022,$0.00,
4770511,1291,6179,Bar Clamp,6/22/2024 12:10 PM,,7/6/2024,$0.00,Renewal
4770510,1291,7529,C-clamp,6/22/2024 12:10 PM,,7/6/2024,$0.00,Renewal
4770512,1291,8174,VGA Cable,6/22/2024 12:10 PM,,7/6/2024,$0.00,Renewal
4770513,1291,8177,Monitor,6/22/2024 12:10 PM,,7/6/2024,$0.00,Renewal
4770514,1291,5367,Phillips Screwdriver,6/22/2024 12:10 PM,,7/6/2024,$0.00,Renewal
4770515,1291,7219,Phillips Screwdriver,6/22/2024 12:10 PM,,7/6/2024,$0.00,Renewal
4770509,1291,8175,VGA To HDMI Adapter,6/22/2024 12:10 PM,,7/6/2024,$0.00,Renewal
4770522,1291,5488,Power Supply,6/22/2024 12:11 PM,,7/6/2024,$0.00,
4770521,1291,67065,Digital Multimeter,6/22/2024 12:11 PM,,7/6/2024,$0.00,
4770520,1291,9610,Micro usb cable,6/22/2024 12:11 PM,,7/6/2024,$0.00,
4769982,4942,680,Back Saw,6/22/2024 11:19 AM,,7/6/2024,$0.00,
3401927,4255,6358,"Corded Drill, 3/8in",1/16/2023 1:55 PM,,1/24/2023,$0.00,Renewal
3096028,3957,8747,Jump-Starter with Air Compressor,8/16/2022 9:36 PM,,8/23/2022,$0.00,
3096030,3957,4982,Glue Gun,8/16/2022 9:36 PM,,8/23/2022,$0.00,
3096035,3957,8359,Ultrasonic Range Finder,8/16/2022 9:36 PM,,8/23/2022,$0.00,
3096033,3957,6780,Multimeter,8/16/2022 9:36 PM,,8/23/2022,$0.00,
3096032,3957,5764,Propane Torch,8/16/2022 9:36 PM,,8/23/2022,$0.00,
3096031,3957,7416,Stud Finder,8/16/2022 9:36 PM,,8/23/2022,$0.00,
3096034,3957,7525,Wire Tester And Tone Generator,8/16/2022 9:36 PM,,8/23/2022,$0.00,
3096037,3957,5921,Voltage Tester,8/16/2022 9:36 PM,,8/23/2022,$0.00,
3096038,3957,7139,Voltage Tester,8/16/2022 9:36 PM,,8/23/2022,$0.00,
3096029,3957,624,Wire Stripper,8/16/2022 9:36 PM,,8/23/2022,$0.00,
3096036,3957,5650,Triple-Square Wrench Set,8/16/2022 9:36 PM,,8/23/2022,$0.00,
4441361,5547,6375,Paintbrush,3/12/2024 6:54 PM,,3/26/2024,$0.00,
4441360,5547,8363,Drop Cloth,3/12/2024 6:54 PM,,3/26/2024,$0.00,
4441362,5547,9107,Needle nose Pliers,3/12/2024 6:54 PM,,3/26/2024,$0.00,
4441359,5547,9164,Stud Finder,3/12/2024 6:54 PM,,3/26/2024,$0.00,
4436582,4490,66885,File,3/10/2024 5:44 PM,,3/24/2024,$0.00,
4436581,4490,410,Hand Saw,3/10/2024 5:44 PM,,3/24/2024,$0.00,
2523812,3311,725,20V Battery,9/11/2021 12:19 PM,,9/18/2021,$0.00,
2523813,3311,718,Cordless Impact Driver,9/11/2021 12:19 PM,,9/18/2021,$0.00,
2523807,3311,7504,Flex Drive,9/11/2021 12:19 PM,,9/18/2021,$0.00,
2523809,3311,3726,Feeler Gauge,9/11/2021 12:19 PM,,9/18/2021,$0.00,
2523808,3311,5927,"Socket Set, Metric",9/11/2021 12:19 PM,,9/18/2021,$0.00,
2523811,3311,7661,Wire Cutters,9/11/2021 12:19 PM,,9/18/2021,$0.00,
4782599,805,8103,12V Battery And Charger,6/26/2024 8:58 PM,,7/10/2024,$0.00,Renewal
4782603,805,7897,"Allen Wrench Set, Pocket",6/26/2024 8:58 PM,,7/10/2024,$0.00,Renewal
4782602,805,735,Bungee Cord,6/26/2024 8:58 PM,,7/10/2024,$0.00,Renewal
4782600,805,719,"Circular Saw & Drill, Cordless",6/26/2024 8:58 PM,,7/10/2024,$0.00,Renewal
4782598,805,583,Hedge Trimmer,6/26/2024 8:58 PM,,7/10/2024,$0.00,
4782601,805,8160,Stud Finder,6/26/2024 8:58 PM,,7/10/2024,$0.00,Renewal
3006318,3543,8723,Drill Bit Set,7/2/2022 9:59 AM,,7/9/2022,$0.00,
1980390,2300,6903,Drill Bit Set,6/25/2020 4:03 PM,,8/1/2020,$0.00,Renewal
1980392,2300,6970,Extension Cord,6/25/2020 4:03 PM,,8/1/2020,$0.00,Renewal
1980391,2300,7277,"Corded Drill, 3/8in",6/25/2020 4:03 PM,,8/1/2020,$0.00,Renewal
4493451,5614,7625,Caulk Gun,3/30/2024 11:32 AM,,4/13/2024,$0.00,
4493452,5614,7850,Putty Knife,3/30/2024 11:32 AM,,4/13/2024,$0.00,
4493453,5614,9087,Scraper,3/30/2024 11:32 AM,,4/13/2024,$0.00,
4732327,5894,66796,Sewing Machine,6/11/2024 6:50 PM,,6/25/2024,$0.00,
4732328,5894,67007,Sewing Machine,6/11/2024 6:50 PM,,6/25/2024,$0.00,
2818290,3631,7531,"Cordless Drill Kit, 3/8in",4/2/2022 11:25 AM,,4/9/2022,$0.00,
2818291,3631,764,Staple Gun,4/2/2022 11:25 AM,,4/9/2022,$0.00,
4745763,5596,6080,C-clamp,6/15/2024 9:24 AM,,6/29/2024,$0.00,
4745764,5596,6083,C-clamp,6/15/2024 9:24 AM,,6/29/2024,$0.00,
4745765,5596,6086,C-clamp,6/15/2024 9:24 AM,,6/29/2024,$0.00,
4745766,5596,7468,C-clamp,6/15/2024 9:24 AM,,6/29/2024,$0.00,
4745761,5596,66741,1.5â C-Clamp,6/15/2024 9:24 AM,,6/29/2024,$0.00,
4745762,5596,7327,C-clamp,6/15/2024 9:24 AM,,6/29/2024,$0.00,
3535753,4124,8847,Rake,3/22/2023 7:03 PM,,3/29/2023,$0.00,Renewal
4723753,5879,9338,"Box set of sanders, grinders and brushes",6/8/2024 11:53 AM,,6/22/2024,$0.00,
4723752,5879,67063,Rotary Tool Bit Set,6/8/2024 11:53 AM,,6/22/2024,$0.00,
4203572,5225,5026,Ladder,11/25/2023 9:51 AM,,12/9/2023,$0.00,
4203574,5225,4811,Level,11/25/2023 9:51 AM,,12/9/2023,$0.00,
4203576,5225,8328,Ratchet Strap,11/25/2023 9:51 AM,,12/9/2023,$0.00,
4203575,5225,9399,"Tie Down, Ratchet",11/25/2023 9:51 AM,,12/9/2023,$0.00,
4203573,5225,8230,T-square,11/25/2023 9:51 AM,,12/9/2023,$0.00,
4203577,5225,7383,"Tape Measure, 30ft",11/25/2023 9:51 AM,,12/9/2023,$0.00,
3992312,4191,9062,Foil Heat Pen,9/10/2023 6:45 PM,,9/17/2023,$0.00,
3992313,4191,207,word punch board,9/10/2023 6:45 PM,,9/17/2023,$0.00,
3992315,4191,9229,20 gallon shop vac,9/10/2023 6:45 PM,,9/17/2023,$0.00,Renewal
3992314,4191,792,Box Fan,9/10/2023 6:45 PM,,9/23/2023,$0.00,Renewal
3734282,4622,423,"Angle Drill, Pneumatic",6/3/2023 9:27 AM,,6/10/2023,$0.00,Renewal
3734281,4622,6890,Air Compressor Hose,6/3/2023 9:27 AM,,6/10/2023,$0.00,Renewal
3734280,4622,6496,"Impact Driver, Pneumatic",6/3/2023 9:27 AM,,6/10/2023,$0.00,Renewal
3734279,4622,8827,Grease gun,6/3/2023 9:27 AM,,6/10/2023,$0.00,Renewal
3734278,4622,5322,Chain Pulley,6/3/2023 9:27 AM,,6/10/2023,$0.00,Renewal
3734277,4622,363,Air Compressor,6/3/2023 9:27 AM,,6/10/2023,$0.00,Renewal
3734283,4622,7931,Dolly,6/3/2023 9:27 AM,,6/10/2023,$0.00,Renewal
3734284,4622,7932,Dolly,6/3/2023 9:27 AM,,6/10/2023,$0.00,Renewal
3734285,4622,7933,Dolly,6/3/2023 9:27 AM,,6/10/2023,$0.00,Renewal
3734286,4622,7934,Dolly,6/3/2023 9:27 AM,,6/10/2023,$0.00,Renewal
3734276,4622,7508,Extension Cord,6/3/2023 9:27 AM,,6/10/2023,$0.00,Renewal
3734275,4622,5134,Work Light,6/3/2023 9:27 AM,,6/10/2023,$0.00,Renewal
3734274,4622,5102,Jack Stand,6/3/2023 9:27 AM,,6/10/2023,$0.00,Renewal
3734273,4622,8745,Mechanics Toolset,6/3/2023 9:27 AM,,6/10/2023,$0.00,Renewal
3734272,4622,8360,Torque Wrench,6/3/2023 9:27 AM,,6/10/2023,$0.00,Renewal
3006208,3818,6500,Belt Sander,7/2/2022 9:20 AM,,7/9/2022,$0.00,
3006216,3818,8913,Paint Brush,7/2/2022 9:20 AM,,7/9/2022,$0.00,
3006210,3818,8778,Cordless Hammer Drill Set,7/2/2022 9:20 AM,,7/9/2022,$0.00,
3006214,3818,7905,Trim Edger,7/2/2022 9:20 AM,,7/9/2022,$0.00,
3006211,3818,316,Extension Cord,7/2/2022 9:20 AM,,7/9/2022,$0.00,
3006212,3818,6673,Ratchet Cutter,7/2/2022 9:20 AM,,7/9/2022,$0.00,
3006213,3818,8914,Scraper,7/2/2022 9:20 AM,,7/9/2022,$0.00,
3006209,3818,621,Sewing Machine,7/2/2022 9:20 AM,,7/9/2022,$0.00,
4778511,5838,5417,Vacuum Cleaner,6/25/2024 6:10 PM,,7/9/2024,$0.00,
2991853,2593,7831,Power Sander With Vacuum Bag,6/25/2022 10:30 AM,,7/2/2022,$0.00,
2991852,2593,8026,Random Orbit Sander,6/25/2022 10:30 AM,,7/2/2022,$0.00,
4778571,5971,8762,Shears,6/25/2024 6:44 PM,,7/9/2024,$0.00,
4763029,5938,9355,Left Handed Drill Bit Set,6/20/2024 6:40 PM,,7/5/2024,$0.00,
4763030,5938,1087,Corded Drill 3/8â,6/20/2024 6:40 PM,,7/5/2024,$0.00,
4763028,5938,9240,rake,6/20/2024 6:40 PM,,7/5/2024,$0.00,
4763027,5938,9617,Small Rake and Dust Pan,6/20/2024 6:40 PM,,7/5/2024,$0.00,
4763026,5938,9527,"Traffic Cones, Small, Set Of 4",6/20/2024 6:40 PM,,7/5/2024,$0.00,
4763175,1402,7564,Pipe Cutter,6/20/2024 7:19 PM,,7/4/2024,$0.00,
4763176,1402,9020,"Tubing Cutter, 5/8in to 2-1/8in",6/20/2024 7:19 PM,,7/4/2024,$0.00,
4763174,1402,9021,"Tubing Cutter, 1/8in to 1-1/4in",6/20/2024 7:19 PM,,7/4/2024,$0.00,
4763179,1402,30013,Ryobi One+ Battery (4Ah),6/20/2024 7:19 PM,,7/6/2024,$0.00,Renewal
4763178,1402,9233,Cordless Handheld Hedge Trimmer,6/20/2024 7:19 PM,,7/6/2024,$0.00,Renewal
4763177,1402,9370,Ryobi One+ Battery Charger,6/20/2024 7:19 PM,,7/6/2024,$0.00,Renewal
4770424,1402,7377,Jigsaw,6/22/2024 12:02 PM,,7/6/2024,$0.00,
4732323,4049,67103,Weed Whacker,6/11/2024 6:43 PM,,6/30/2024,$0.00,Renewal
4732322,4049,7906,Extension Cord,6/11/2024 6:43 PM,,6/30/2024,$0.00,Renewal
4732321,4049,3950,Mattock,6/11/2024 6:43 PM,,6/30/2024,$0.00,Renewal
4732320,4049,3941,Square Shovel,6/11/2024 6:43 PM,,6/30/2024,$0.00,Renewal
4423616,5523,66809,Framing Hammer,3/5/2024 7:03 PM,,3/19/2024,$0.00,
3193503,4052,7235,Flat Screwdriver,9/28/2022 8:51 PM,,10/5/2022,$0.00,
3193502,4052,142,"Phillips Screwdriver, #2",9/28/2022 8:51 PM,,10/5/2022,$0.00,
4522187,4936,8365,Drop Cloth,4/10/2024 1:02 PM,,4/27/2024,$0.00,Renewal
4522190,4936,66736,Hardwood Dolly,4/10/2024 1:02 PM,,4/27/2024,$0.00,Renewal
4522191,4936,2083,Extension cord,4/10/2024 1:03 PM,,4/27/2024,$0.00,Renewal
4522192,4936,160,"Scraper, Multitool",4/10/2024 1:03 PM,,4/27/2024,$0.00,Renewal
4522193,4936,786,Wire Brush,4/10/2024 1:03 PM,,4/27/2024,$0.00,Renewal
4522198,4936,5513,Wire Stripper,4/10/2024 1:03 PM,,4/27/2024,$0.00,Renewal
2167201,2905,7318,"Shop Vac, Wet/Dry, 12 Gal",11/29/2020 4:31 PM,,12/19/2020,$0.00,Renewal
2167202,2905,7453,Wire Cutter,11/29/2020 4:31 PM,,12/19/2020,$0.00,Renewal
4676582,393,189,Paint Brush,5/25/2024 9:52 AM,,6/8/2024,$0.00,
4676583,393,4545,Paint Brush,5/25/2024 9:52 AM,,6/8/2024,$0.00,
4676581,393,6374,Paintbrush,5/25/2024 9:52 AM,,6/8/2024,$0.00,
4676587,393,66725,Extension Cord,5/25/2024 9:52 AM,,6/8/2024,$0.00,Renewal
4676588,393,890,MicroSD Card,5/25/2024 9:52 AM,,6/8/2024,$0.00,Renewal
4676585,393,7124,Box Cutter,5/25/2024 9:52 AM,,6/8/2024,$0.00,Renewal
4676586,393,8437,Utility Knife,5/25/2024 9:52 AM,,6/8/2024,$0.00,Renewal
4676584,393,6360,Caulk Gun,5/25/2024 9:52 AM,,6/10/2024,$0.00,Renewal
4690059,393,9476,Sewing Machine,5/29/2024 8:55 PM,,6/12/2024,$0.00,
4732378,393,8311,Instant Pot Cooking Blender,6/11/2024 7:38 PM,,6/25/2024,$0.00,
4053667,5060,8803,Torque Wrench,9/30/2023 11:54 AM,,10/7/2023,$0.00,
4769878,1096,66946,Ice cream maker,6/22/2024 11:07 AM,,7/6/2024,$0.00,
4769879,1096,5904,Mini Pie Maker,6/22/2024 11:07 AM,,7/6/2024,$0.00,
4703592,5862,9315,Ryobi One+ Battery (4Ah),6/2/2024 6:21 PM,,6/16/2024,$0.00,
4703591,5862,9262,Ryobi One+ Battery Charger,6/2/2024 6:21 PM,,6/16/2024,$0.00,
4065756,5076,9575,"Bolt Cutters, 14in",10/4/2023 8:30 PM,,10/11/2023,$0.00,
4065755,5076,9168,Dremel Set,10/4/2023 8:30 PM,,10/11/2023,$0.00,
4065754,5076,9041,Hand Truck,10/4/2023 8:30 PM,,10/11/2023,$0.00,
4484366,5604,9394,Bungee Cord,3/27/2024 7:25 PM,,4/10/2024,$0.00,
4484358,5604,8948,Circuit Tester,3/27/2024 7:25 PM,,4/10/2024,$0.00,
4484362,5604,66943,Small Flashlight,3/27/2024 7:25 PM,,4/10/2024,$0.00,
4484357,5604,3802,Flat Screwdriver,3/27/2024 7:25 PM,,4/10/2024,$0.00,
4484364,5604,8853,Hand Clamp,3/27/2024 7:25 PM,,4/10/2024,$0.00,
4484360,5604,8136,Vise-Grip Locking Pliers,3/27/2024 7:25 PM,,4/10/2024,$0.00,
4484361,5604,4928,Needle Nose Pliers,3/27/2024 7:25 PM,,4/10/2024,$0.00,
4484359,5604,4984,Needle Nose Pliers / Tweezers,3/27/2024 7:25 PM,,4/10/2024,$0.00,
4484367,5604,7762,Quick Grip Clamp,3/27/2024 7:25 PM,,4/10/2024,$0.00,
4484356,5604,9482,Mini spring clamp,3/27/2024 7:25 PM,,4/10/2024,$0.00,
4484365,5604,1057,Soldering Gun,3/27/2024 7:25 PM,,4/10/2024,$0.00,
4484363,5604,865,Utility Knife,3/27/2024 7:25 PM,,4/10/2024,$0.00,
3136123,4005,6286,Car Battery Charger,9/4/2022 7:00 PM,,9/11/2022,$0.00,
3136121,4005,241,Airsled Compressor,9/4/2022 7:00 PM,,9/11/2022,$0.00,
3136122,4005,238,Airsled,9/4/2022 7:00 PM,,9/11/2022,$0.00,
2446839,3089,3205,"Socket Set, SAE",7/20/2021 7:07 PM,,7/27/2021,$0.00,
2446840,3089,776,Rachet,7/20/2021 7:07 PM,,7/27/2021,$0.00,
2304867,2536,7990,Paintbrush,4/13/2021 8:01 PM,,4/20/2021,$0.00,
2304865,2536,5632,Extension Cord,4/13/2021 8:01 PM,,4/20/2021,$0.00,
2304866,2536,6379,Paint Roller,4/13/2021 8:01 PM,,4/20/2021,$0.00,
2304869,2536,7322,Power Sander,4/13/2021 8:01 PM,,4/20/2021,$0.00,
2304868,2536,5376,"Scraper, Multitool",4/13/2021 8:01 PM,,4/20/2021,$0.00,
4746852,5785,6157,Bungee Cord,6/15/2024 11:38 AM,,6/29/2024,$0.00,Renewal
4746854,5785,5064,"Folding Chair, Wood",6/15/2024 11:38 AM,,6/29/2024,$0.00,Renewal
4746855,5785,5065,"Folding Chair, Wood",6/15/2024 11:38 AM,,6/29/2024,$0.00,Renewal
4746856,5785,5066,"Folding Chair, Wood",6/15/2024 11:38 AM,,6/29/2024,$0.00,Renewal
4746851,5785,6249,Hand Rake,6/15/2024 11:38 AM,,7/6/2024,$0.00,Renewal
4746850,5785,3942,Square Shovel,6/15/2024 11:38 AM,,7/6/2024,$0.00,Renewal
4436550,2747,3744,Circular Saw,3/10/2024 5:18 PM,,3/24/2024,$0.00,
4436549,2747,66822,Dremel And Bit Set,3/10/2024 5:18 PM,,3/24/2024,$0.00,
3380505,4217,5410,Round Shovel,1/3/2023 6:16 PM,,1/17/2023,$0.00,Renewal
3380504,4217,4465,Hand Saw,1/3/2023 6:16 PM,,1/17/2023,$0.00,Renewal
3380661,4217,675,"Crow Bar, Chisel End",1/3/2023 8:03 PM,,1/17/2023,$0.00,
3380662,4217,4783,Shears,1/3/2023 8:03 PM,,1/17/2023,$0.00,
2167217,2912,6366,Paint Tray,11/29/2020 4:31 PM,,12/19/2020,$0.00,Renewal
2167220,2912,7437,Paint Tray,11/29/2020 4:31 PM,,12/19/2020,$0.00,Renewal
2167215,2912,7547,Grout Sealer Roller Applicator,11/29/2020 4:31 PM,,12/19/2020,$0.00,Renewal
2167211,2912,7094,Caulk Spreader,11/29/2020 4:31 PM,,12/19/2020,$0.00,Renewal
2167207,2912,7506,Extension Cord,11/29/2020 4:31 PM,,12/19/2020,$0.00,Renewal
2167206,2912,703,Extension Cord,11/29/2020 4:31 PM,,12/19/2020,$0.00,Renewal
2167209,2912,696,Paint Roller Extension Pole,11/29/2020 4:31 PM,,12/19/2020,$0.00,Renewal
2167208,2912,697,Paint Roller Extension Pole,11/29/2020 4:31 PM,,12/19/2020,$0.00,Renewal
2167218,2912,83,Flashlight,11/29/2020 4:31 PM,,12/19/2020,$0.00,Renewal
2167222,2912,7491,Flashlight,11/29/2020 4:31 PM,,12/19/2020,$0.00,Renewal
2167216,2912,6770,Cooler,11/29/2020 4:31 PM,,12/19/2020,$0.00,Renewal
2167221,2912,4060,Drywall Knife,11/29/2020 4:31 PM,,12/19/2020,$0.00,Renewal
2167219,2912,4069,Notched Trowel,11/29/2020 4:31 PM,,12/19/2020,$0.00,Renewal
2167213,2912,6384,Paint Roller,11/29/2020 4:31 PM,,12/19/2020,$0.00,Renewal
2167212,2912,580,Paint Roller,11/29/2020 4:31 PM,,12/19/2020,$0.00,Renewal
2167214,2912,6458,Putty Knife,11/29/2020 4:31 PM,,12/19/2020,$0.00,Renewal
2167210,2912,7119,Taping Knife,11/29/2020 4:31 PM,,12/19/2020,$0.00,Renewal
2167223,2912,6995,"Shop Vac, Wet/Dry, 1 Gal",11/29/2020 4:31 PM,,12/19/2020,$0.00,Renewal
4631923,5777,1311,drill bits set,5/11/2024 1:34 PM,,5/25/2024,$0.00,
4631924,5777,4463,"Corded Drill, 1/4in",5/11/2024 1:34 PM,,5/25/2024,$0.00,
3040395,2042,7126,Carpet Knife,7/19/2022 6:12 PM,,7/26/2022,$0.00,Renewal
3040397,2042,5239,Chisel,7/19/2022 6:12 PM,,7/26/2022,$0.00,Renewal
3040393,2042,5249,Mortise Chisel,7/19/2022 6:12 PM,,7/26/2022,$0.00,Renewal
3040394,2042,5845,Gouge,7/19/2022 6:12 PM,,7/26/2022,$0.00,Renewal
3040396,2042,585,Chisel,7/19/2022 6:12 PM,,7/26/2022,$0.00,Renewal
3040392,2042,5757,Whetstone,7/19/2022 6:12 PM,,7/26/2022,$0.00,Renewal
3040398,2042,611,Sharpening Stone,7/19/2022 6:12 PM,,7/26/2022,$0.00,Renewal
3040399,2042,612,Sharpening Stone,7/19/2022 6:12 PM,,7/26/2022,$0.00,Renewal
3040400,2042,613,Sharpening Stone,7/19/2022 6:12 PM,,7/26/2022,$0.00,Renewal
3040391,2042,614,Stone,7/19/2022 6:12 PM,,7/26/2022,$0.00,Renewal
3040387,2042,8782,Life Saw S-250 Double Edge Japanese Woodworking Saw,7/19/2022 6:12 PM,,7/26/2022,$0.00,Renewal
3040390,2042,4032,Plane,7/19/2022 6:12 PM,,7/26/2022,$0.00,Renewal
3040388,2042,6635,Hook Knife,7/19/2022 6:12 PM,,7/26/2022,$0.00,Renewal
3040389,2042,6774,Draw Knife,7/19/2022 6:12 PM,,7/26/2022,$0.00,Renewal
3492257,2042,5074,Power Sander With Vacuum Bag,3/1/2023 8:51 PM,,3/8/2023,$0.00,
3492258,2042,8816,10â wooden handscrew clamp,3/1/2023 8:51 PM,,3/8/2023,$0.00,
4588585,2042,303,Sleeping Pad,4/29/2024 7:50 PM,,5/13/2024,$0.00,
4588586,2042,9152,Sleeping pad,4/29/2024 7:50 PM,,5/13/2024,$0.00,
4588618,2042,5002,Pool Float,4/29/2024 8:15 PM,,5/13/2024,$0.00,
4223698,5154,7781,Drill Bit Set,12/3/2023 4:47 PM,,12/10/2023,$0.00,Renewal
3096001,3934,8447,Hammer,8/16/2022 8:09 PM,,8/23/2022,$0.00,Renewal
3096000,3934,8934,Drill Bit Kit,8/16/2022 8:09 PM,,8/23/2022,$0.00,Renewal
3095999,3934,5614,Jigsaw,8/16/2022 8:09 PM,,8/23/2022,$0.00,Renewal
3095998,3934,1515,Power Drill,8/16/2022 8:09 PM,,8/23/2022,$0.00,Renewal
4682849,5834,215,"Shop Vac, Wet Only, 8 Gal",5/27/2024 6:39 PM,,6/10/2024,$0.00,
4780249,5917,30024,Projector,6/26/2024 10:05 AM,,7/13/2024,$0.00,Renewal
3797290,4612,3998,"Combination Wrench, 10mm",6/27/2023 6:43 PM,,7/4/2023,$0.00,Renewal
3797291,4612,7156,"Combination Wrench, ?in",6/27/2023 6:43 PM,,7/4/2023,$0.00,Renewal
3797289,4612,8959,Extension Cord,6/27/2023 6:43 PM,,7/4/2023,$0.00,Renewal
3797288,4612,4759,Scuffle Hoe,6/27/2023 6:43 PM,,7/4/2023,$0.00,Renewal
3797287,4612,6436,Key Hole Saw,6/27/2023 6:43 PM,,7/4/2023,$0.00,Renewal
3797286,4612,7500,Multimeter,6/27/2023 6:43 PM,,7/4/2023,$0.00,Renewal
3797285,4612,3795,Needle Nose Pliers,6/27/2023 6:43 PM,,7/4/2023,$0.00,Renewal
3797284,4612,4190,Phillips Screwdriver,6/27/2023 6:43 PM,,7/4/2023,$0.00,Renewal
3797283,4612,7878,Soldering Iron With Stand,6/27/2023 6:43 PM,,7/4/2023,$0.00,Renewal
4763298,5946,67141,Suction Cup Lifter,6/20/2024 8:10 PM,,7/4/2024,$0.00,
4763299,5946,7104,Drywall Screwgun,6/20/2024 8:10 PM,,7/4/2024,$0.00,
4178396,4707,8797,Stud Finder,11/14/2023 6:03 PM,,11/28/2023,$0.00,
3668338,4542,9022,"Torx Screwdriver, T55, P-Handled",5/10/2023 6:42 PM,,5/17/2023,$0.00,
3668337,4542,9023,"Torx Screwdriver, T50, P-Handled",5/10/2023 6:42 PM,,5/17/2023,$0.00,
3668341,4542,9024,"Torx Screwdriver, T45, P-Handled",5/10/2023 6:42 PM,,5/17/2023,$0.00,
3668343,4542,9025,"Torx Screwdriver, T40, P-Handled",5/10/2023 6:42 PM,,5/17/2023,$0.00,
3668339,4542,9026,"Torx Screwdriver, T30, P-Handled",5/10/2023 6:42 PM,,5/17/2023,$0.00,
3668342,4542,9027,"Torx Screwdriver, T27, P-Handled",5/10/2023 6:42 PM,,5/17/2023,$0.00,
3668340,4542,9028,"Torx Screwdriver, T25, P-Handled",5/10/2023 6:42 PM,,5/17/2023,$0.00,
2735119,3549,8255,20V/60V Max 9.0Ah BATT_X,2/8/2022 9:01 PM,,2/15/2022,$0.00,
2735122,3549,8246,Cordless Wet/Dry Vacuum BATT_X,2/8/2022 9:01 PM,,2/15/2022,$0.00,
2735121,3549,7872,"Li-ion Battery Charger, 1A",2/8/2022 9:01 PM,,2/15/2022,$0.00,
2735117,3549,6857,Battery Charger BATT_C 9.6-18V,2/8/2022 9:01 PM,,2/15/2022,$0.00,
2735114,3549,6812,Tent,2/8/2022 9:01 PM,,2/15/2022,$0.00,
2736519,3549,7668,Bow Saw,2/9/2022 8:47 PM,,2/16/2022,$0.00,
2736521,3549,7417,Claw Hammer,2/9/2022 8:47 PM,,2/16/2022,$0.00,
2736518,3549,322,Machete,2/9/2022 8:47 PM,,2/16/2022,$0.00,
2736520,3549,4433,Wedge,2/9/2022 8:47 PM,,2/16/2022,$0.00,
2736522,3549,7685,Windows Laptop (LAB3) With Charger,2/9/2022 8:47 PM,,2/16/2022,$0.00,
2742070,3549,5273,Lantern,2/13/2022 7:13 PM,,2/20/2022,$0.00,
2742069,3549,7976,File,2/13/2022 7:13 PM,,2/20/2022,$0.00,
2742068,3549,8395,Manual Bench Grinder,2/13/2022 7:13 PM,,2/20/2022,$0.00,
2742067,3549,6053,Floor Pump,2/13/2022 7:13 PM,,2/20/2022,$0.00,
2742071,3549,7433,Grabber,2/13/2022 7:14 PM,,2/20/2022,$0.00,
3412579,4285,5391,Bypass Pruner,1/21/2023 12:05 PM,,1/28/2023,$0.00,
3412581,4285,5058,"Locking Pliers, Adjustable",1/21/2023 12:05 PM,,1/28/2023,$0.00,
3412583,4285,5833,Pincer,1/21/2023 12:05 PM,,1/28/2023,$0.00,
3412578,4285,8100,Torch,1/21/2023 12:05 PM,,1/28/2023,$0.00,
3412582,4285,5498,Tile Nippers,1/21/2023 12:05 PM,,1/28/2023,$0.00,
3412580,4285,6559,Wire Stripper,1/21/2023 12:05 PM,,1/28/2023,$0.00,
3412587,4285,7975,File,1/21/2023 12:07 PM,,1/28/2023,$0.00,
3399917,3793,4561,Engraver,1/14/2023 12:01 PM,,1/21/2023,$0.00,
4001320,2115,5706,Post Hole Digger,9/13/2023 7:31 PM,,9/20/2023,$0.00,
4001319,2115,8809,Tamper,9/13/2023 7:31 PM,,9/20/2023,$0.00,
3042885,3879,8154,Box Cutter,7/20/2022 8:39 PM,,7/27/2022,$0.00,
3790503,4747,801,Sander,6/24/2023 11:47 AM,,7/1/2023,$0.00,
4752032,5933,6782,Vacuum Cleaner,6/17/2024 8:33 PM,,7/1/2024,$0.00,
4312928,5363,864,Corded Drill,1/20/2024 12:56 PM,,2/3/2024,$0.00,
4312926,5363,7479,Stud Finder,1/20/2024 12:56 PM,,2/3/2024,$0.00,
4323212,5377,3979,Adjusable Wrench,1/25/2024 7:16 PM,,2/8/2024,$0.00,
4323211,5377,66767,"10"" Pipe Wrench",1/25/2024 7:16 PM,,2/8/2024,$0.00,
2963633,3752,5611,"Reciprocating Saw, Cordless, Set",6/12/2022 6:51 PM,,6/19/2022,$0.00,
2963634,3752,5110,Auger,6/12/2022 6:51 PM,,6/19/2022,$0.00,
4773066,5169,5172,Soldering Iron,6/23/2024 4:38 PM,,7/7/2024,$0.00,
4769488,5931,66795,Jigsaw,6/22/2024 10:26 AM,,7/6/2024,$0.00,
4769487,5931,5013,"Power Sander, Palm Grip",6/22/2024 10:26 AM,,7/6/2024,$0.00,
3862679,4836,9253,Lopper,7/23/2023 4:23 PM,,7/30/2023,$0.00,
3862680,4836,7350,"Tubing Cutter, 1/8in to 1-1/18in",7/23/2023 4:23 PM,,7/30/2023,$0.00,
3428046,2191,4686,Dremel Set,1/30/2023 12:59 PM,,2/6/2023,$0.00,Renewal
3428047,2191,694,Dremel Bits,1/30/2023 12:59 PM,,2/6/2023,$0.00,Renewal
3428045,2191,6489,Brad Nailer,1/30/2023 12:59 PM,,2/6/2023,$0.00,Renewal
4751869,5875,314,Work Light,6/17/2024 6:14 PM,,7/1/2024,$0.00,
4751868,5875,67068,Work Light,6/17/2024 6:14 PM,,7/10/2024,$0.00,Renewal
2563016,3255,749,Breaker Bar,10/5/2021 7:28 PM,,10/12/2021,$0.00,
2563014,3255,5422,Steel Tube Bender,10/5/2021 7:28 PM,,10/12/2021,$0.00,
2563015,3255,8317,Socket,10/5/2021 7:28 PM,,10/12/2021,$0.00,
4755618,5934,7635,Wood Chipper,6/18/2024 8:37 PM,,7/2/2024,$0.00,
3234288,4088,7926,Floor Jack,10/15/2022 11:54 AM,,10/22/2022,$0.00,
3234289,4088,5101,Jack Stand,10/15/2022 11:54 AM,,10/22/2022,$0.00,
2167262,2989,4520,Battery Charger,11/29/2020 4:32 PM,,12/19/2020,$0.00,Renewal
2167257,2989,7009,Claw Hammer,11/29/2020 4:32 PM,,12/19/2020,$0.00,Renewal
2167256,2989,7413,Cordless Drill With Jigsaw,11/29/2020 4:32 PM,,12/19/2020,$0.00,Renewal
2167258,2989,7761,Jigsaw,11/29/2020 4:32 PM,,12/19/2020,$0.00,Renewal
2167259,2989,7100,Corner Level,11/29/2020 4:32 PM,,12/19/2020,$0.00,Renewal
2167260,2989,7745,Level,11/29/2020 4:32 PM,,12/19/2020,$0.00,Renewal
2167261,2989,7262,Socket Set,11/29/2020 4:32 PM,,12/19/2020,$0.00,Renewal
3515544,176,7378,Hand Saw,3/12/2023 5:08 PM,,3/19/2023,$0.00,Renewal
3515542,176,5176,Poster Stapler,3/12/2023 5:08 PM,,3/19/2023,$0.00,Renewal
3562437,4456,4971,Level,4/2/2023 5:42 PM,,4/9/2023,$0.00,
2281383,3086,4934,Corded Drill,3/27/2021 10:14 AM,,4/3/2021,$0.00,
3807556,4769,8197,Profile Sander Kit,7/1/2023 10:17 AM,,7/8/2023,$0.00,
1980433,1982,5789,Dado Blade Set,6/25/2020 4:03 PM,,8/1/2020,$0.00,Renewal
1980430,1982,593,Lathe,6/25/2020 4:03 PM,,8/1/2020,$0.00,Renewal
1980431,1982,6878,Molding Blades Set,6/25/2020 4:03 PM,,8/1/2020,$0.00,Renewal
1980432,1982,594,Fence System,6/25/2020 4:03 PM,,8/1/2020,$0.00,Renewal
4769717,3415,8155,Claw Hammer,6/22/2024 10:52 AM,,7/6/2024,$0.00,
4616092,5714,8935,Cordless Impact Drill,5/7/2024 7:49 PM,,5/21/2024,$0.00,
4616090,5714,5256,Level,5/7/2024 7:49 PM,,5/27/2024,$0.00,Renewal
4616089,5714,939,Stud Finder,5/7/2024 7:49 PM,,5/27/2024,$0.00,Renewal
4703533,5714,9364,DeWalt 18v Battery,6/2/2024 4:55 PM,,6/16/2024,$0.00,
4726682,5714,9356,Glass And Tile Drill Bit Set,6/9/2024 4:20 PM,,6/23/2024,$0.00,
4709313,5873,6186,Key Hole Saw,6/4/2024 8:34 PM,,6/18/2024,$0.00,
4709314,5873,5201,Reciprocating Saw,6/4/2024 8:34 PM,,6/18/2024,$0.00,
3258178,4112,8221,Small Grommet Kit,10/26/2022 6:42 PM,,11/2/2022,$0.00,
3258179,4112,182,Glue Gun,10/26/2022 6:42 PM,,11/2/2022,$0.00,
1980436,2283,6906,Drill Bit Set,6/25/2020 4:03 PM,,8/1/2020,$0.00,Renewal
1980437,2283,7369,"Drill Bits, Glass",6/25/2020 4:03 PM,,8/1/2020,$0.00,Renewal
1980438,2283,6870,Corded Drill,6/25/2020 4:03 PM,,8/1/2020,$0.00,Renewal
4354597,3346,4169,Slip Joint Pliers,2/7/2024 8:40 PM,,2/21/2024,$0.00,
3791396,4731,780,Pressure Washer,6/24/2023 3:25 PM,,6/28/2023,$0.00,Renewal
4776595,5887,7777,Pipe Wrench,6/25/2024 9:21 AM,,6/29/2024,$0.00,Renewal
4776596,5887,4613,Rubber Mallet,6/25/2024 9:21 AM,,6/29/2024,$0.00,Renewal
4223735,4975,8956,Caulk Gun,12/3/2023 5:47 PM,,12/17/2023,$0.00,
2167274,1309,6509,Router Bit Set,11/29/2020 4:32 PM,,12/19/2020,$0.00,Renewal
2167275,1309,6800,Shears,11/29/2020 4:32 PM,,12/19/2020,$0.00,Renewal
2167276,1309,7341,Bypass Pruner,11/29/2020 4:32 PM,,12/19/2020,$0.00,Renewal
2167277,1309,6932,Tin Snips,11/29/2020 4:32 PM,,12/19/2020,$0.00,Renewal
4204204,2980,4498,C-clamp,11/25/2023 11:57 AM,,12/9/2023,$0.00,Renewal
4204205,2980,6094,C-clamp,11/25/2023 11:57 AM,,12/9/2023,$0.00,Renewal
4204206,2980,6883,C-clamp,11/25/2023 11:57 AM,,12/9/2023,$0.00,Renewal
4204202,2980,810,Die Grinders,11/25/2023 11:57 AM,,12/9/2023,$0.00,Renewal
4204201,2980,9534,Pliers,11/25/2023 11:57 AM,,12/9/2023,$0.00,Renewal
4204203,2980,859,Die Wrench,11/25/2023 11:57 AM,,12/9/2023,$0.00,
4760179,51,5834,Blind Nailer,6/20/2024 10:19 AM,,7/7/2024,$0.00,Renewal
3104575,1121,6990,Paint Roller,8/20/2022 11:43 AM,,8/27/2022,$0.00,Renewal
3104574,1121,5439,Channel Lock Pliers,8/20/2022 11:43 AM,,8/27/2022,$0.00,Renewal
4739993,3641,671,Truing Stand,6/13/2024 7:37 PM,,6/24/2024,$0.00,Renewal
4764949,5889,66772,Gas and Burner Pliers,6/21/2024 11:41 AM,,6/30/2024,$0.00,Renewal
4764950,5889,7991,Cable Tester,6/21/2024 11:41 AM,,6/30/2024,$0.00,Renewal
4764953,5889,8822,Mint stamp maker,6/21/2024 11:41 AM,,6/30/2024,$0.00,Renewal
4764954,5889,6563,Wire Brush,6/21/2024 11:42 AM,,6/30/2024,$0.00,Renewal
4764955,5889,67031,Soldering Iron,6/21/2024 11:42 AM,,6/30/2024,$0.00,Renewal
4786248,5889,3805,Band Saw,6/27/2024 8:54 PM,,7/11/2024,$0.00,
4727781,4829,8355,Dehydrator,6/10/2024 10:02 AM,,6/27/2024,$0.00,Renewal
3380635,4242,902,Hammer,1/3/2023 7:43 PM,,1/17/2023,$0.00,
3380634,4242,6046,Phillips Screwdriver,1/3/2023 7:43 PM,,1/17/2023,$0.00,
3845278,4818,4936,Extension Cord,7/16/2023 6:24 PM,,7/23/2023,$0.00,
3845277,4818,11,Linoleum Block Carving Tools,7/16/2023 6:24 PM,,7/23/2023,$0.00,
3845279,4818,7013,Corded Drill,7/16/2023 6:24 PM,,7/23/2023,$0.00,
2732315,3508,4059,Drywall Knife,2/6/2022 8:13 PM,,2/13/2022,$0.00,Renewal
2732314,3508,8413,Paint Mixer Drill Bit,2/6/2022 8:13 PM,,2/13/2022,$0.00,Renewal
2732313,3508,7405,"Sledgehammer, Small",2/6/2022 8:13 PM,,2/13/2022,$0.00,Renewal
3902548,3980,9401,Adjustable Wrench,8/8/2023 8:23 PM,,8/15/2023,$0.00,
3902547,3980,2490,"Socket Wrench Set, SAE",8/8/2023 8:23 PM,,8/15/2023,$0.00,
4782539,5263,67026,Hand Truck,6/26/2024 7:28 PM,,7/10/2024,$0.00,
1980481,2278,441,Bucket,6/25/2020 4:04 PM,,8/1/2020,$0.00,Renewal
3935932,4860,5035,Jigsaw,8/20/2023 7:04 PM,,8/27/2023,$0.00,Renewal
4786016,5980,67054,Drill Bit Set,6/27/2024 6:18 PM,,7/11/2024,$0.00,
4786017,5980,9569,Right Angle Drill Corded,6/27/2024 6:18 PM,,7/11/2024,$0.00,
3660015,4565,9119,Carpet knife,5/7/2023 5:34 PM,,5/14/2023,$0.00,
3660014,4565,8183,Pry Bar,5/7/2023 5:34 PM,,5/14/2023,$0.00,
3718054,4358,7969,"Socket Wrench Set, Metric",5/27/2023 11:48 AM,,6/3/2023,$0.00,
4716463,5876,942,Allen Wrench,6/6/2024 8:54 PM,,6/20/2024,$0.00,
4716465,5876,4037,Flat Screwdriver,6/6/2024 8:54 PM,,6/20/2024,$0.00,
4716462,5876,9280,"1/4"" x 4"" Slotted Screwdriver",6/6/2024 8:54 PM,,6/20/2024,$0.00,
4716466,5876,67036,Flat Screwdriver,6/6/2024 8:54 PM,,6/20/2024,$0.00,
4716464,5876,66996,Phillips Screwdriver,6/6/2024 8:54 PM,,6/20/2024,$0.00,
2276288,3085,4354,Car Jack,3/23/2021 7:25 PM,,3/30/2021,$0.00,
2276291,3085,7274,Mechanics Creep,3/23/2021 7:25 PM,,3/30/2021,$0.00,
2276289,3085,7461,Extension Cord,3/23/2021 7:25 PM,,3/30/2021,$0.00,
2276293,3085,7927,"Jack Stand, 6 Ton",3/23/2021 7:25 PM,,3/30/2021,$0.00,
2276294,3085,7928,"Jack Stand, 6 Ton",3/23/2021 7:25 PM,,3/30/2021,$0.00,
2276292,3085,6802,Torque Wrench,3/23/2021 7:25 PM,,3/30/2021,$0.00,
2276290,3085,6711,Work Light,3/23/2021 7:25 PM,,3/30/2021,$0.00,
4500440,5627,9365,DeWalt 18v Battery,4/2/2024 8:30 PM,,4/16/2024,$0.00,
4500439,5627,8352,Claw Hammer,4/2/2024 8:30 PM,,4/16/2024,$0.00,
4524348,5627,6394,Chisel,4/10/2024 8:28 PM,,4/24/2024,$0.00,
4524347,5627,66763,Cordless Drill,4/10/2024 8:28 PM,,4/24/2024,$0.00,Renewal
4524346,5627,978,Files,4/10/2024 8:28 PM,,4/24/2024,$0.00,
3150898,4012,1516,Square,9/11/2022 5:03 PM,,9/18/2022,$0.00,
3471015,4093,9037,drill bits set,2/19/2023 5:18 PM,,2/26/2023,$0.00,
2209295,3038,5565,Shopvac Sander,1/16/2021 10:23 AM,,1/23/2021,$0.00,
3935940,4933,821,Stud finder,8/20/2023 7:25 PM,,8/27/2023,$0.00,
4616000,5754,1380,Sewing Machine,5/7/2024 6:48 PM,,5/21/2024,$0.00,
2685002,3203,6469,File,12/26/2021 4:35 PM,,1/2/2022,$0.00,Renewal
2685003,3203,8109,File,12/26/2021 4:35 PM,,1/2/2022,$0.00,Renewal
1980492,2583,600,Paint Sprayer,6/25/2020 4:04 PM,,8/1/2020,$0.00,Renewal
1980493,2583,5774,Ladder,6/25/2020 4:04 PM,,8/1/2020,$0.00,Renewal
2167308,2227,7657,Circular Saw,11/29/2020 4:32 PM,,12/19/2020,$0.00,Renewal
4746948,5046,591,Dehydrator,6/15/2024 11:48 AM,,6/29/2024,$0.00,
4746947,5046,9501,Jack Stand,6/15/2024 11:48 AM,,6/29/2024,$0.00,
2264104,3070,6506,Circular Saw,3/13/2021 9:17 AM,,3/20/2021,$0.00,
4732354,5895,67145,Small Phillips head,6/11/2024 7:13 PM,,6/25/2024,$0.00,
2832704,3646,7081,Cordless Drill + Sawzall + Light Kit,4/10/2022 4:41 PM,,4/24/2022,$0.00,
2832705,3646,112,"Paint Roller, Small",4/10/2022 4:41 PM,,4/24/2022,$0.00,
4709320,5822,966,VGA Cable,6/4/2024 9:06 PM,,6/18/2024,$0.00,
4709323,5822,7649,Breadboard,6/4/2024 9:06 PM,,6/18/2024,$0.00,
4709324,5822,975,3.5in rpi display,6/4/2024 9:06 PM,,6/18/2024,$0.00,
4709322,5822,7760,Soldering Iron,6/4/2024 9:06 PM,,6/18/2024,$0.00,
4709321,5822,67101,VGA To HDMI Adapter,6/4/2024 9:06 PM,,6/18/2024,$0.00,
2167318,1551,656,Cordless Drill,11/29/2020 4:32 PM,,12/19/2020,$0.00,Renewal
2487698,3273,6816,Car Roof Bag,8/18/2021 6:26 PM,,8/25/2021,$0.00,
3070308,337,8257,20V Max 1.5Ah Battery BATT_X,8/3/2022 8:17 PM,,8/10/2022,$0.00,
3070310,337,7910,Extension Cord,8/3/2022 8:17 PM,,8/10/2022,$0.00,Renewal
3070309,337,5395,"Corded Drill, 3/8in",8/3/2022 8:17 PM,,8/10/2022,$0.00,Renewal
4633443,5108,1077,Soldering Gun,5/12/2024 2:22 PM,,5/28/2024,$0.00,Renewal
4417998,5500,8071,Adjusable Wrench,3/3/2024 6:07 PM,,3/17/2024,$0.00,
4418000,5500,5115,C-clamp,3/3/2024 6:07 PM,,3/17/2024,$0.00,
4417999,5500,9208,2 ton jack stands (pair),3/3/2024 6:07 PM,,3/17/2024,$0.00,
4417997,5500,911,Torque wrench,3/3/2024 6:07 PM,,3/17/2024,$0.00,
4417996,5500,1025,Breaker Bar,3/3/2024 6:07 PM,,3/17/2024,$0.00,
1980507,2470,6084,C-clamp,6/25/2020 4:04 PM,,8/1/2020,$0.00,Renewal
1980506,2470,7053,C-clamp,6/25/2020 4:04 PM,,8/1/2020,$0.00,Renewal
1980508,2470,6482,Drill Bit Set,6/25/2020 4:04 PM,,8/1/2020,$0.00,Renewal
1980509,2470,3751,Corded Drill,6/25/2020 4:04 PM,,8/1/2020,$0.00,Renewal
3724033,4100,6722,Heat Gun,5/30/2023 6:25 PM,,6/6/2023,$0.00,
3724032,4100,762,Blackberry Hoe,5/30/2023 6:25 PM,,6/6/2023,$0.00,Renewal
3352506,4201,8047,Hammer,12/11/2022 6:28 PM,,12/31/2022,$0.00,
3352510,4201,8265,Digital Kitchen Scale,12/11/2022 6:28 PM,,12/31/2022,$0.00,
3352508,4201,5433,Lineman Pliers,12/11/2022 6:28 PM,,12/31/2022,$0.00,
3352507,4201,7776,Pipe Wrench,12/11/2022 6:28 PM,,12/31/2022,$0.00,
3352511,4201,7533,Pry Bar,12/11/2022 6:28 PM,,12/31/2022,$0.00,
3352509,4201,7666,Handheld Pry Bar,12/11/2022 6:28 PM,,12/31/2022,$0.00,
1980511,2338,7338,Bolt Cutters,6/25/2020 4:04 PM,,8/1/2020,$0.00,Renewal
1980516,2338,5577,Brick Trowel,6/25/2020 4:04 PM,,8/1/2020,$0.00,Renewal
1980515,2338,4016,Bypass Pruner,6/25/2020 4:04 PM,,8/1/2020,$0.00,Renewal
1980510,2338,7428,Level,6/25/2020 4:04 PM,,8/1/2020,$0.00,Renewal
1980512,2338,5405,Pruning Shears,6/25/2020 4:04 PM,,8/1/2020,$0.00,Renewal
1980513,2338,5605,Spade,6/25/2020 4:04 PM,,8/1/2020,$0.00,Renewal
1980514,2338,7593,Stud Finder,6/25/2020 4:04 PM,,8/1/2020,$0.00,Renewal
2167319,1675,6771,"Shop Vac, Dry Only",11/29/2020 4:32 PM,,12/19/2020,$0.00,Renewal
4775282,3547,597,20V Battery,6/24/2024 8:55 PM,,7/8/2024,$0.00,
4775278,3547,66768,Jigsaw,6/24/2024 8:55 PM,,7/8/2024,$0.00,
4775280,3547,7402,Hole Saw Kit,6/24/2024 8:55 PM,,7/8/2024,$0.00,
4775281,3547,8385,Battery Charger,6/24/2024 8:55 PM,,7/8/2024,$0.00,
4775276,3547,9440,Router bit set,6/24/2024 8:55 PM,,7/8/2024,$0.00,
4775277,3547,67099,Router,6/24/2024 8:55 PM,,7/8/2024,$0.00,
4775279,3547,878,Jig Saw Blade Set,6/24/2024 8:55 PM,,7/8/2024,$0.00,
4782540,3547,30015,Portable Belt Sander,6/26/2024 7:29 PM,,7/10/2024,$0.00,
4782544,3547,5768,Hand Clamp,6/26/2024 7:36 PM,,7/10/2024,$0.00,
4782543,3547,5622,Quick Grip Clamp,6/26/2024 7:36 PM,,7/10/2024,$0.00,
4782545,3547,67109,"Shop Vac, Dry Only, 16 Gal",6/26/2024 7:37 PM,,7/10/2024,$0.00,
4666653,5759,7431,Grabber,5/22/2024 7:23 PM,,6/5/2024,$0.00,Renewal
4666652,5759,9331,Razor Blade Holder and Scraper,5/22/2024 7:23 PM,,6/5/2024,$0.00,Renewal
4666659,5759,66707,Utility Knife,5/22/2024 7:28 PM,,6/5/2024,$0.00,
4460874,4637,9060,"Air compressor, 3 gal",3/19/2024 6:33 PM,,4/2/2024,$0.00,
4460873,4637,66864,Extension Cord,3/19/2024 6:33 PM,,4/2/2024,$0.00,
4561251,4810,30010,Ryobi One+ Battery (4Ah),4/21/2024 5:29 PM,,5/5/2024,$0.00,
4561252,4810,9228,lawn edger,4/21/2024 5:29 PM,,5/5/2024,$0.00,
3942478,1659,809,Coping Saw,8/23/2023 6:11 PM,,8/30/2023,$0.00,
4749506,4337,67056,Drill Bit Set,6/16/2024 5:54 PM,,6/30/2024,$0.00,
4749507,4337,30008,Ryobi Corded Drill,6/16/2024 5:54 PM,,6/30/2024,$0.00,
3902437,4580,8028,18V Battery BATT_C,8/8/2023 7:35 PM,,8/15/2023,$0.00,Renewal
3902439,4580,3875,Soil Cultivator,8/8/2023 7:35 PM,,8/15/2023,$0.00,Renewal
3902438,4580,6715,Battery Charger 18V,8/8/2023 7:35 PM,,8/15/2023,$0.00,Renewal
3902441,4580,9231,cordless hedge trimmer,8/8/2023 7:38 PM,,8/15/2023,$0.00,
3902440,4580,9246,weed whacker,8/8/2023 7:38 PM,,8/15/2023,$0.00,
4349377,3597,6681,Shop Vac,2/5/2024 9:04 PM,,2/19/2024,$0.00,
2167323,2190,7381,Power Sander,11/29/2020 4:32 PM,,12/19/2020,$0.00,Renewal
4755629,5139,7544,Chalkline,6/18/2024 8:45 PM,,7/2/2024,$0.00,
4755628,5139,9491,"Light-duty Saw Horse Pair, Folding",6/18/2024 8:45 PM,,7/2/2024,$0.00,
4755627,5139,272,Work Bench,6/18/2024 8:45 PM,,7/2/2024,$0.00,
2722989,3491,8404,"Corded Drill, 3/8in",1/30/2022 5:16 PM,,2/6/2022,$0.00,Renewal
2722988,3491,5608,"Reciprocating Saw, Large Blade",1/30/2022 5:16 PM,,2/6/2022,$0.00,Renewal
3880297,4866,2552,Flat Screwdriver,7/30/2023 6:26 PM,,8/6/2023,$0.00,
2466020,1782,6611,Hex Drive Extender,8/3/2021 8:00 PM,,8/10/2021,$0.00,
4210815,5236,8777,Cordless Hammer Drill Set,11/28/2023 8:44 PM,,12/12/2023,$0.00,
4755550,5903,5046,Projector Screen,6/18/2024 7:25 PM,,7/2/2024,$0.00,
4782577,5788,9245,Axe,6/26/2024 8:08 PM,,7/10/2024,$0.00,
4782576,5788,8761,Round Shovel,6/26/2024 8:08 PM,,7/10/2024,$0.00,
4561312,3659,9519,Tap and Die set,4/21/2024 6:43 PM,,5/5/2024,$0.00,
4786168,3761,4408,Cordless Right Angle Power Drill Kit,6/27/2024 7:10 PM,,7/11/2024,$0.00,
4728744,5888,855,OBDII Diagnostic Tool,6/10/2024 6:33 PM,,6/24/2024,$0.00,
3895352,3460,7735,"Bar Clamp, Small",8/5/2023 10:36 AM,,8/12/2023,$0.00,Renewal
4461056,3768,2809,Weed Whacker BATT_C 18V,3/19/2024 8:20 PM,,4/2/2024,$0.00,
4461055,3768,9197,Leaf blower,3/19/2024 8:20 PM,,4/2/2024,$0.00,
4461054,3768,9525,Hand pruner,3/19/2024 8:20 PM,,4/2/2024,$0.00,
4461059,3768,9268,Paintbrush,3/19/2024 8:20 PM,,4/9/2024,$0.00,Renewal
4461058,3768,66955,Paint Brush,3/19/2024 8:20 PM,,4/9/2024,$0.00,Renewal
4461060,3768,66978,Paint Tray,3/19/2024 8:20 PM,,4/9/2024,$0.00,Renewal
4461057,3768,66974,paint roller,3/19/2024 8:20 PM,,4/9/2024,$0.00,Renewal
3286351,4106,305,Nail Gun,11/8/2022 8:38 PM,,11/15/2022,$0.00,Renewal
3286349,4106,8188,Rotorazer Saw,11/8/2022 8:38 PM,,11/15/2022,$0.00,Renewal
3286352,4106,493,Air Compressor,11/8/2022 8:38 PM,,11/15/2022,$0.00,Renewal
3286350,4106,6858,Dual-Bevel Sliding Compound Mitersaw,11/8/2022 8:38 PM,,11/15/2022,$0.00,Renewal
3286357,4106,8779,Cordless Hammer Drill Set,11/8/2022 8:38 PM,,11/15/2022,$0.00,Renewal
3286356,4106,8366,Drill Bit Set,11/8/2022 8:38 PM,,11/15/2022,$0.00,Renewal
3286358,4106,7789,Flat Screwdriver,11/8/2022 8:38 PM,,11/15/2022,$0.00,Renewal
3286359,4106,8126,Flat Screwdriver,11/8/2022 8:38 PM,,11/15/2022,$0.00,Renewal
3286355,4106,7520,Pry Bar,11/8/2022 8:38 PM,,11/15/2022,$0.00,Renewal
3286353,4106,5607,"Magnetic Parts Tray, Metal",11/8/2022 8:38 PM,,11/15/2022,$0.00,Renewal
3286354,4106,8944,Extension Cord,11/8/2022 8:38 PM,,11/15/2022,$0.00,Renewal
3286375,4106,7816,Allen Wrench Set,11/8/2022 8:59 PM,,11/15/2022,$0.00,
3286373,4106,5821,Paint Mixer Drill Bit,11/8/2022 8:59 PM,,11/15/2022,$0.00,
3286377,4106,6463,Extension Cord,11/8/2022 8:59 PM,,11/15/2022,$0.00,
3286374,4106,5839,Corner Level,11/8/2022 8:59 PM,,11/15/2022,$0.00,
3286376,4106,1659,Pry Bar,11/8/2022 8:59 PM,,11/15/2022,$0.00,
3286378,4106,468,"Shop Vac, Wet/Dry, 1.5 Gal",11/8/2022 8:59 PM,,11/15/2022,$0.00,
3289032,4106,8258,Drill Bit Set,11/9/2022 9:00 PM,,11/16/2022,$0.00,
3289031,4106,6058,Circular Saw,11/9/2022 9:00 PM,,11/16/2022,$0.00,
3289030,4106,404,Jigsaw,11/9/2022 9:00 PM,,11/16/2022,$0.00,
3289033,4106,4331,"Corded Drill, 3/8in",11/9/2022 9:00 PM,,11/16/2022,$0.00,
3289034,4106,6488,"Corded Drill, 3/8in",11/9/2022 9:00 PM,,11/16/2022,$0.00,
3289029,4106,7376,Reciprocating Saw,11/9/2022 9:00 PM,,11/16/2022,$0.00,
4746111,5882,9471,bottle cutter,6/15/2024 10:18 AM,,6/29/2024,$0.00,
4786058,5979,8095,Mat Cutter,6/27/2024 6:36 PM,,7/11/2024,$0.00,
3201441,1947,8939,Wire Crimper,10/1/2022 11:02 AM,,10/8/2022,$0.00,Renewal
3940187,3887,7286,Garden Hose Sprayer,8/22/2023 8:56 PM,,8/29/2023,$0.00,Renewal
3940186,3887,9410,Needlenose pliers,8/22/2023 8:56 PM,,8/29/2023,$0.00,Renewal
3940182,3887,6585,Pliers,8/22/2023 8:56 PM,,8/29/2023,$0.00,
3940181,3887,6981,Soldering Gun,8/22/2023 8:56 PM,,8/29/2023,$0.00,
3940184,3887,9183,Cable cutter & stripper,8/22/2023 8:56 PM,,8/29/2023,$0.00,
3940183,3887,5674,"Wire Stripper, Copper Only",8/22/2023 8:56 PM,,8/29/2023,$0.00,
3940185,3887,6637,Chip Carving Knife,8/22/2023 8:56 PM,,8/29/2023,$0.00,
4586274,4056,9163,Sewing Machine,4/28/2024 6:43 PM,,5/12/2024,$0.00,
4702259,5687,30012,Ryobi One+ Battery (4Ah),6/1/2024 4:50 PM,,6/15/2024,$0.00,Renewal
4702260,5687,8776,Drill Bit Set,6/1/2024 4:50 PM,,6/15/2024,$0.00,Renewal
4702261,5687,30019,Cordless drill,6/1/2024 4:51 PM,,6/15/2024,$0.00,Renewal
4702262,5687,66953,Level,6/1/2024 4:51 PM,,6/15/2024,$0.00,Renewal
4702281,5687,9198,Ryobi One+ Battery Charger,6/1/2024 4:51 PM,,6/15/2024,$0.00,Renewal
4702282,5687,67076,Stud Finder,6/1/2024 4:51 PM,,6/15/2024,$0.00,Renewal
3636050,4520,8382,Basin Wrench,4/29/2023 11:38 AM,,5/6/2023,$0.00,Renewal
3636041,4520,9044,"Bolt Cutters, 24in",4/29/2023 11:38 AM,,5/6/2023,$0.00,
3636051,4520,138,Flat Screwdriver,4/29/2023 11:38 AM,,5/6/2023,$0.00,Renewal
3636052,4520,7215,Flat Screwdriver,4/29/2023 11:38 AM,,5/6/2023,$0.00,Renewal
3636049,4520,3858,Shears,4/29/2023 11:38 AM,,5/6/2023,$0.00,Renewal
3636048,4520,790,Self-adjusting Wrench,4/29/2023 11:38 AM,,5/6/2023,$0.00,Renewal
3636047,4520,520,Key Hole Saw,4/29/2023 11:38 AM,,5/6/2023,$0.00,Renewal
3636046,4520,6165,Phillips Screwdriver,4/29/2023 11:38 AM,,5/6/2023,$0.00,Renewal
3636045,4520,5508,Hand Pliers,4/29/2023 11:38 AM,,5/6/2023,$0.00,Renewal
3636044,4520,7481,Channel Lock Pliers,4/29/2023 11:38 AM,,5/6/2023,$0.00,Renewal
3636042,4520,791,Torx wrenches,4/29/2023 11:38 AM,,5/6/2023,$0.00,Renewal
3636043,4520,789,vise grips,4/29/2023 11:38 AM,,5/6/2023,$0.00,Renewal
4512638,5638,807,Angle grinder,4/6/2024 11:40 AM,,4/20/2024,$0.00,
4512639,5638,7679,Drill Press,4/6/2024 11:40 AM,,4/20/2024,$0.00,
4512714,5638,66740,4â C-Clamp,4/6/2024 11:47 AM,,4/20/2024,$0.00,
4512713,5638,66876,C clamp,4/6/2024 11:47 AM,,4/20/2024,$0.00,
4512712,5638,66836,Vise Grip,4/6/2024 11:47 AM,,4/20/2024,$0.00,
3382590,4087,3823,Corded Drill,1/4/2023 7:59 PM,,1/11/2023,$0.00,
3382591,4087,4935,Drill Bit & Screwdriver Set,1/4/2023 7:59 PM,,1/11/2023,$0.00,
3382589,4087,8838,Stud Finder,1/4/2023 7:59 PM,,1/11/2023,$0.00,
3382592,4087,96,Level,1/4/2023 8:00 PM,,1/11/2023,$0.00,
3410779,4257,3830,Buffer,1/20/2023 9:32 PM,,1/22/2023,$0.00,Renewal
3410780,4257,7900,Ovbdii Bluetooth Interface,1/20/2023 9:32 PM,,1/22/2023,$0.00,Renewal
3410781,4257,4970,Soldering Iron,1/20/2023 9:32 PM,,1/22/2023,$0.00,Renewal
3410782,4257,279,Soldering Iron Holder,1/20/2023 9:32 PM,,1/22/2023,$0.00,Renewal
2918309,3713,7415,Drill Bit Kit,5/22/2022 4:57 PM,,5/29/2022,$0.00,
4606328,3101,817,Slow Cooker,5/4/2024 9:52 AM,,5/18/2024,$0.00,Renewal
4606329,3101,9562,Swaging Tool,5/4/2024 9:52 AM,,5/18/2024,$0.00,Renewal
3425299,4298,7248,Hydraulic Jack,1/28/2023 10:53 AM,,2/4/2023,$0.00,
3425300,4298,5103,Jack Stand,1/28/2023 10:53 AM,,2/4/2023,$0.00,
4749338,13,9201,Paint Roller Frame,6/16/2024 4:39 PM,,6/30/2024,$0.00,
1980565,2320,5518,Surge Protector,6/25/2020 4:04 PM,,8/1/2020,$0.00,Renewal
1980566,2320,255,Telescope,6/25/2020 4:04 PM,,8/1/2020,$0.00,Renewal
3185700,3670,4997,Circular Saw,9/25/2022 4:24 PM,,10/9/2022,$0.00,
3876970,4853,284,Chain Ring Nut Wrench,7/29/2023 9:45 AM,,8/5/2023,$0.00,
4745970,5756,66788,Circular Saw,6/15/2024 9:57 AM,,6/29/2024,$0.00,
4745968,5756,30000,Cordless Drill,6/15/2024 9:57 AM,,6/29/2024,$0.00,
4745967,5756,30020,Ryobi One+ Battery (4Ah),6/15/2024 9:57 AM,,6/29/2024,$0.00,
4745965,5756,925,Drill bit set,6/15/2024 9:57 AM,,6/29/2024,$0.00,
4745964,5756,30014,Random Orbital Sander,6/15/2024 9:57 AM,,6/29/2024,$0.00,
4745966,5756,9438,Ryobi battery charger,6/15/2024 9:57 AM,,6/29/2024,$0.00,
4745969,5756,4395,Scraper,6/15/2024 9:57 AM,,6/29/2024,$0.00,
4745963,5756,4602,Adjustable Square,6/15/2024 9:57 AM,,6/29/2024,$0.00,
2418122,3202,7534,Staple Gun,6/29/2021 7:29 PM,,7/6/2021,$0.00,Renewal
4782462,5976,4996,Bit Set,6/26/2024 6:38 PM,,7/10/2024,$0.00,
4782464,5976,8830,Jig saw,6/26/2024 6:38 PM,,7/10/2024,$0.00,
4782463,5976,67152,"3/8"" Corded Drill",6/26/2024 6:38 PM,,7/10/2024,$0.00,
2167349,3018,7683,Windows Laptop (LAB1) With Charger,11/29/2020 4:33 PM,,12/19/2020,$0.00,Renewal
3972508,4008,7886,"Claw Hammer, Small",9/3/2023 5:31 PM,,9/10/2023,$0.00,
4624136,4790,30023,Ryobi One+ Battery (1.5Ah),5/9/2024 6:51 PM,,5/23/2024,$0.00,
4624137,4790,8890,Weed Whacker,5/9/2024 6:51 PM,,5/23/2024,$0.00,
4624139,4790,6298,Pruning Shears,5/9/2024 6:51 PM,,5/23/2024,$0.00,
4624140,4790,30007,Ryobi One+ Battery Charger,5/9/2024 6:51 PM,,5/23/2024,$0.00,
4624138,4790,5075,Hand Saw,5/9/2024 6:51 PM,,5/23/2024,$0.00,
3380577,4240,6265,Mixer,1/3/2023 6:57 PM,,1/17/2023,$0.00,
3380576,4240,6810,Hot Plate,1/3/2023 6:57 PM,,1/17/2023,$0.00,
3380578,4240,6264,Microphone,1/3/2023 6:57 PM,,1/17/2023,$0.00,
3380579,4240,7608,Label Maker,1/3/2023 6:57 PM,,1/17/2023,$0.00,
3386744,4246,6365,Paint Tray,1/7/2023 9:48 AM,,1/14/2023,$0.00,
3386745,4246,6368,Paint Tray,1/7/2023 9:48 AM,,1/14/2023,$0.00,
3386746,4246,7858,Paint Tray,1/7/2023 9:48 AM,,1/14/2023,$0.00,
3386747,4246,7919,Paint Tray,1/7/2023 9:48 AM,,1/14/2023,$0.00,
3386739,4246,8835,1.5â brush,1/7/2023 9:48 AM,,1/14/2023,$0.00,
3386741,4246,8099,Paint Roller Extension Pole,1/7/2023 9:48 AM,,1/14/2023,$0.00,
3386748,4246,645,Paint roller extension pole,1/7/2023 9:48 AM,,1/14/2023,$0.00,
3386749,4246,646,Paint roller extension pole,1/7/2023 9:48 AM,,1/14/2023,$0.00,
3386742,4246,629,Paint Roller,1/7/2023 9:48 AM,,1/14/2023,$0.00,
3386743,4246,7856,Paint Roller,1/7/2023 9:48 AM,,1/14/2023,$0.00,
3386754,4246,6383,Paint Roller,1/7/2023 9:49 AM,,1/14/2023,$0.00,
4778656,5807,6788,Tamper,6/25/2024 7:20 PM,,7/9/2024,$0.00,
4778657,5807,7111,Nail Puller,6/25/2024 7:20 PM,,7/9/2024,$0.00,
4763329,5948,8951,Bike lock,6/20/2024 8:54 PM,,7/4/2024,$0.00,
4515119,4461,5547,Leaf Rake,4/7/2024 6:32 PM,,4/21/2024,$0.00,
4515120,4461,9429,Rake,4/7/2024 6:32 PM,,4/21/2024,$0.00,
3787368,4728,5454,Desoldering Vacuum Pump,6/23/2023 6:22 PM,,6/28/2023,$0.00,Renewal
3787369,4728,4711,Soldering Iron,6/23/2023 6:23 PM,,6/28/2023,$0.00,Renewal
3787370,4728,4983,Soldering Iron Holster,6/23/2023 6:23 PM,,6/28/2023,$0.00,Renewal
3787371,4728,8742,Tool Set,6/23/2023 6:23 PM,,6/28/2023,$0.00,Renewal
3787372,4728,7833,Hydraulic Bottle Jack,6/23/2023 6:23 PM,,6/28/2023,$0.00,Renewal
3787373,4728,8996,Soldering Helping Hands,6/23/2023 6:23 PM,,6/28/2023,$0.00,Renewal
3787374,4728,5170,Soldering Iron,6/23/2023 6:23 PM,,6/28/2023,$0.00,Renewal
2574626,3335,4549,"Socket Wrench, Multi Faced",10/12/2021 8:37 PM,,10/19/2021,$0.00,Renewal
2810876,3623,5107,Hanging Work/Shop Light,3/29/2022 8:40 PM,,4/5/2022,$0.00,
2810877,3623,8740,"Shop Vac, Wet/Dry, 2.5 Gal",3/29/2022 8:40 PM,,4/5/2022,$0.00,
4732433,3707,944,Metal Spring Clamp,6/11/2024 8:30 PM,,6/25/2024,$0.00,
4732434,3707,5621,Quick Grip Clamp,6/11/2024 8:30 PM,,6/25/2024,$0.00,
4732435,3707,5635,Quick Grip Clamp,6/11/2024 8:30 PM,,6/25/2024,$0.00,
4732436,3707,6113,Quick Grip Clamp,6/11/2024 8:30 PM,,6/25/2024,$0.00,
4769469,3707,899,Bar Clamp,6/22/2024 10:24 AM,,7/6/2024,$0.00,
4769470,3707,5723,C-clamp,6/22/2024 10:24 AM,,7/6/2024,$0.00,
4769471,3707,8902,"10"" Compound Miter Saw",6/22/2024 10:24 AM,,7/6/2024,$0.00,
4769472,3707,66877,C clamp,6/22/2024 10:24 AM,,7/6/2024,$0.00,
4769473,3707,7020,Jigsaw,6/22/2024 10:24 AM,,7/6/2024,$0.00,
3626342,4528,6956,Bench Grinder,4/26/2023 6:54 PM,,5/3/2023,$0.00,
3992318,3959,5572,Adjustable Wrench,9/10/2023 6:48 PM,,9/24/2023,$0.00,
3992323,3959,7713,Flexible Spackling Knife,9/10/2023 6:48 PM,,9/24/2023,$0.00,
3992319,3959,4643,File,9/10/2023 6:48 PM,,9/24/2023,$0.00,
3992320,3959,9326,Needle nose pliers,9/10/2023 6:48 PM,,9/24/2023,$0.00,
3992317,3959,8802,Folding Pruning Saw,9/10/2023 6:48 PM,,9/24/2023,$0.00,
3992322,3959,9088,Scraper,9/10/2023 6:48 PM,,9/24/2023,$0.00,
3615187,4073,8864,Phillips Screwdriver,4/22/2023 10:31 AM,,4/29/2023,$0.00,
3615188,4073,8036,Corded Drill,4/22/2023 10:31 AM,,4/29/2023,$0.00,
3615186,4073,103,Stud Finder,4/22/2023 10:31 AM,,4/29/2023,$0.00,
2167351,2641,7131,Hack Saw,11/29/2020 4:33 PM,,12/19/2020,$0.00,Renewal
2167352,2641,5228,Miter Box,11/29/2020 4:33 PM,,12/19/2020,$0.00,Renewal
2496594,3034,627,Multimaster Quickstart,8/24/2021 8:10 PM,,8/31/2021,$0.00,
2496593,3034,7028,Shoulder Dolly,8/24/2021 8:10 PM,,8/31/2021,$0.00,
2496591,3034,6887,Profile Sander Kit,8/24/2021 8:10 PM,,8/31/2021,$0.00,
2496592,3034,657,Variable Speed Paint Remover,8/24/2021 8:10 PM,,8/31/2021,$0.00,
2496595,3034,7958,Disc Brush,8/24/2021 8:10 PM,,8/31/2021,$0.00,
2496596,3034,7959,Disc Brush,8/24/2021 8:10 PM,,8/31/2021,$0.00,
2496590,3034,5867,"Scraper, Long Handle",8/24/2021 8:10 PM,,8/31/2021,$0.00,
2472418,3261,4014,Shears,8/7/2021 11:43 AM,,8/14/2021,$0.00,
2472419,3261,8135,Planters Shovel,8/7/2021 11:43 AM,,8/14/2021,$0.00,
2472417,3261,5542,Round Pointed Shovel,8/7/2021 11:43 AM,,8/14/2021,$0.00,
2472420,3261,7271,Sewing Machine,8/7/2021 11:43 AM,,8/14/2021,$0.00,
3499617,4361,437,Crow Bar,3/4/2023 11:16 AM,,3/11/2023,$0.00,
3499618,4361,5836,Pincer,3/4/2023 11:16 AM,,3/11/2023,$0.00,
3499620,4361,3800,Pliers,3/4/2023 11:16 AM,,3/11/2023,$0.00,
3499621,4361,6586,Pliers,3/4/2023 11:16 AM,,3/11/2023,$0.00,
3499622,4361,7174,Pliers,3/4/2023 11:16 AM,,3/11/2023,$0.00,
3499616,4361,8059,Hand Rivet Set,3/4/2023 11:16 AM,,3/11/2023,$0.00,
3499619,4361,200,Scissors,3/4/2023 11:16 AM,,3/11/2023,$0.00,
4654779,4558,8333,"Bungee Cord, 36in",5/18/2024 11:48 AM,,6/1/2024,$0.00,Renewal
4654776,4558,8159,Glass Cutter,5/18/2024 11:48 AM,,6/1/2024,$0.00,Renewal
4654777,4558,4926,Chisel,5/18/2024 11:48 AM,,6/1/2024,$0.00,Renewal
4654780,4558,428,File,5/18/2024 11:48 AM,,6/1/2024,$0.00,Renewal
4654781,4558,6735,File,5/18/2024 11:48 AM,,6/1/2024,$0.00,Renewal
4654778,4558,7451,Key Hole Saw,5/18/2024 11:48 AM,,6/1/2024,$0.00,Renewal
4654775,4558,6688,Reciprocating Saw,5/18/2024 11:48 AM,,6/1/2024,$0.00,Renewal
4654773,4558,9540,Pressure Cooker,5/18/2024 11:48 AM,,6/1/2024,$0.00,Renewal
4654774,4558,7714,Stud Finder,5/18/2024 11:48 AM,,6/1/2024,$0.00,Renewal
4654772,4558,8217,"Wood Chisel, Straight Egde, 5/8in",5/18/2024 11:48 AM,,6/1/2024,$0.00,Renewal
2932613,3730,4770,Hand Truck,5/29/2022 4:44 PM,,6/5/2022,$0.00,
3297506,4145,6694,Channel Lock Pliers,11/13/2022 4:27 PM,,11/20/2022,$0.00,
4349342,5152,1522,Multi-tool Allen wrench,2/5/2024 7:57 PM,,2/19/2024,$0.00,
4701634,5152,67055,Drill Bit Set,6/1/2024 1:06 PM,,6/15/2024,$0.00,
4701633,5152,9061,Corded Drill,6/1/2024 1:06 PM,,6/15/2024,$0.00,
4223749,5248,9378,"#2 Phillips Drill Bit, 6"" Long",12/3/2023 5:54 PM,,12/17/2023,$0.00,
4223750,5248,30001,Impact driver,12/3/2023 5:54 PM,,12/17/2023,$0.00,
4223748,5248,1116,phillips screwdriver,12/3/2023 5:54 PM,,12/17/2023,$0.00,
4221853,5246,9381,Bit Set,12/2/2023 11:56 AM,,12/16/2023,$0.00,
4221852,5246,5378,Corded Drill,12/2/2023 11:56 AM,,12/16/2023,$0.00,
4075347,5081,8261,Chalkline,10/7/2023 11:02 AM,,10/14/2023,$0.00,
4075345,5081,3743,Circular Saw,10/7/2023 11:02 AM,,10/14/2023,$0.00,
4075346,5081,3846,"Crow Bar, Pointed End",10/7/2023 11:02 AM,,10/14/2023,$0.00,
4075343,5081,6021,Extension Cord,10/7/2023 11:02 AM,,10/14/2023,$0.00,
4075348,5081,9391,Hammer,10/7/2023 11:02 AM,,10/14/2023,$0.00,
4075342,5081,9533,"Saw Horse Pair, Folding",10/7/2023 11:02 AM,,10/14/2023,$0.00,
4075344,5081,6520,Poster Stapler,10/7/2023 11:02 AM,,10/14/2023,$0.00,
4331846,5393,7046,Back Saw,1/29/2024 7:12 PM,,2/12/2024,$0.00,
2426854,2790,5856,"Corded Drill, 3/8in",7/6/2021 7:52 PM,,7/13/2021,$0.00,
4712767,4338,1521,Electric lawn mower,6/5/2024 7:39 PM,,6/19/2024,$0.00,
4712766,4338,8821,Push mower,6/5/2024 7:39 PM,,6/19/2024,$0.00,
3000664,3811,7517,Bar Clamp,6/29/2022 6:37 PM,,7/6/2022,$0.00,
3000666,3811,5992,Bristle Brush,6/29/2022 6:37 PM,,7/6/2022,$0.00,
3000661,3811,4471,Cordless Drill,6/29/2022 6:37 PM,,7/6/2022,$0.00,
3000665,3811,7682,Drill Guide,6/29/2022 6:37 PM,,7/6/2022,$0.00,
3000663,3811,482,Workbench,6/29/2022 6:37 PM,,7/6/2022,$0.00,
3000667,3811,5059,"Vise Grip, Medium",6/29/2022 6:37 PM,,7/6/2022,$0.00,
3000662,3811,8304,Clamp-On Vise,6/29/2022 6:37 PM,,7/6/2022,$0.00,
3455529,4287,5541,Ladder,2/12/2023 11:14 AM,,2/19/2023,$0.00,Renewal
4534344,5616,7406,Claw Hammer,4/13/2024 11:44 AM,,4/27/2024,$0.00,
1980631,1917,5887,Adjusable Wrench,6/25/2020 4:04 PM,,8/1/2020,$0.00,Renewal
4680180,5833,66878,Drill bits set,5/26/2024 6:36 PM,,6/9/2024,$0.00,
4680179,5833,67057,Driver Bit Set,5/26/2024 6:36 PM,,6/9/2024,$0.00,
4680178,5833,67069,"3/8"" Corded Drill",5/26/2024 6:36 PM,,6/9/2024,$0.00,
4782293,5912,4777,"Manual Lawn Edger, Rotary",6/26/2024 6:14 PM,,7/10/2024,$0.00,
4782294,5912,4755,Weed Puller,6/26/2024 6:14 PM,,7/10/2024,$0.00,
4786004,5912,3090,Weed Whacker,6/27/2024 6:11 PM,,7/11/2024,$0.00,
4786005,5912,5658,Stand-Up Aerator,6/27/2024 6:11 PM,,7/11/2024,$0.00,
4125760,4940,5148,"Paint Brush, Long",10/25/2023 7:44 PM,,11/1/2023,$0.00,Renewal
4125761,4940,9267,Paintbrush,10/25/2023 7:44 PM,,11/1/2023,$0.00,Renewal
4125759,4940,6737,Knee Pads,10/25/2023 7:44 PM,,11/1/2023,$0.00,Renewal
4125758,4940,5578,"Work Gloves, Rubber Palm",10/25/2023 7:44 PM,,11/1/2023,$0.00,Renewal
3210514,3860,8950,Werner 6â Metal Step Ladder,10/5/2022 6:50 PM,,10/12/2022,$0.00,
4745801,5915,6750,"Folding Chair, Metal",6/15/2024 9:26 AM,,6/29/2024,$0.00,
4745802,5915,6754,"Folding Chair, Metal",6/15/2024 9:26 AM,,6/29/2024,$0.00,
2978701,3785,4830,Weed Whacker,6/19/2022 4:13 PM,,6/26/2022,$0.00,
2978700,3785,7421,Extension Cord,6/19/2022 4:13 PM,,6/26/2022,$0.00,
4647537,522,4834,Miter Saw,5/16/2024 8:15 PM,,5/23/2024,$0.00,Renewal
4657433,522,914,Air Nailer,5/19/2024 4:46 PM,,6/2/2024,$0.00,
4657432,522,6498,Router And Router Table,5/19/2024 4:46 PM,,6/2/2024,$0.00,
4636533,5786,3725,"Socket Wrench Set, Metric",5/13/2024 8:59 PM,,5/27/2024,$0.00,
4344519,3867,30011,Ryobi One+ Battery (4Ah),2/3/2024 10:35 AM,,2/17/2024,$0.00,
4344517,3867,7137,Coping Saw,2/3/2024 10:35 AM,,2/17/2024,$0.00,
4344521,3867,66737,Drill bit set,2/3/2024 10:35 AM,,2/17/2024,$0.00,
4344520,3867,30005,Ryobi Power Drill,2/3/2024 10:35 AM,,2/17/2024,$0.00,
4344518,3867,66874,Arbor - threaded,2/3/2024 10:35 AM,,2/17/2024,$0.00,
4344516,3867,896,hole saw,2/3/2024 10:35 AM,,2/17/2024,$0.00,
2167400,1109,125,Microphone,11/29/2020 4:33 PM,,12/19/2020,$0.00,Renewal
2167412,2075,4958,Multimeter,11/29/2020 4:33 PM,,12/19/2020,$0.00,Renewal
4752033,3104,7571,Pressure Washer,6/17/2024 8:36 PM,,7/1/2024,$0.00,
2167413,phildoholic,7320,Jigsaw,11/29/2020 4:33 PM,,12/19/2020,$0.00,Renewal
4610437,5745,67000,Coleman Powermate 18V Cordless Tool Set,5/5/2024 6:57 PM,,5/19/2024,$0.00,
4567395,5699,6036,"Calipers, Digital",4/23/2024 7:54 PM,,5/7/2024,$0.00,
2545791,3339,5353,"Allen Wrench Set, Pocket",9/25/2021 9:51 AM,,10/2/2021,$0.00,
2545792,3339,7357,Allen Wrench Set,9/25/2021 9:51 AM,,10/2/2021,$0.00,
2545787,3339,7200,Circlip Pliers,9/25/2021 9:51 AM,,10/2/2021,$0.00,
2545790,3339,7026,"Screwdriver Set, Narrow",9/25/2021 9:51 AM,,10/2/2021,$0.00,
2545793,3339,7260,Screwdriver Set,9/25/2021 9:51 AM,,10/2/2021,$0.00,
2545789,3339,5205,"Socket Set, Metric and SAE",9/25/2021 9:51 AM,,10/2/2021,$0.00,
2545786,3339,7449,Wire Cutter,9/25/2021 9:51 AM,,10/2/2021,$0.00,
2545805,3339,7144,Multimeter,9/25/2021 9:53 AM,,10/2/2021,$0.00,
2545809,3339,5012,Magnetic Parts Tray,9/25/2021 9:53 AM,,10/2/2021,$0.00,
2167417,1528,4816,Belt Sander,11/29/2020 4:34 PM,,12/19/2020,$0.00,Renewal
2167418,1528,7085,Power Sander,11/29/2020 4:34 PM,,12/19/2020,$0.00,Renewal
4736358,5902,6445,Camping Chair,6/12/2024 8:42 PM,,6/26/2024,$0.00,
4749483,4538,511,Lawn Mower,6/16/2024 5:37 PM,,6/30/2024,$0.00,
4749482,4538,66883,File,6/16/2024 5:37 PM,,7/3/2024,$0.00,Renewal
4749488,4538,9522,Angle Grinder,6/16/2024 5:39 PM,,6/30/2024,$0.00,
2167422,2984,7514,Bar Clamp,11/29/2020 4:34 PM,,12/19/2020,$0.00,Renewal
2167425,2984,7515,Bar Clamp,11/29/2020 4:34 PM,,12/19/2020,$0.00,Renewal
2167424,2984,7732,"Bar Clamp, Small",11/29/2020 4:34 PM,,12/19/2020,$0.00,Renewal
2167423,2984,7734,"Bar Clamp, Small",11/29/2020 4:34 PM,,12/19/2020,$0.00,Renewal
2167427,2984,5737,Extension Cord,11/29/2020 4:34 PM,,12/19/2020,$0.00,Renewal
2167428,2984,7087,Laser Level,11/29/2020 4:34 PM,,12/19/2020,$0.00,Renewal
2167426,2984,704,Dremel Sharpening Tool,11/29/2020 4:34 PM,,12/19/2020,$0.00,Renewal
2167429,2984,604,T-square,11/29/2020 4:34 PM,,12/19/2020,$0.00,Renewal
3076511,3530,8204,"Corded Drill, 1/2in",8/6/2022 10:28 AM,,8/13/2022,$0.00,
2558692,3347,6440,Auger,10/2/2021 11:57 AM,,10/9/2021,$0.00,
2558693,3347,6923,Sink Auger,10/2/2021 11:57 AM,,10/9/2021,$0.00,
4773279,5725,66787,Angle Grinder,6/23/2024 11:54 PM,,6/30/2024,$0.00,Renewal
2948240,1076,8234,Hammer Drill,6/5/2022 4:40 PM,,6/12/2022,$0.00,
2948241,1076,8102,"Mall Drill, Vintage",6/5/2022 4:40 PM,,6/12/2022,$0.00,
4751888,5247,9318,Ryobi One+ Battery (4Ah),6/17/2024 6:30 PM,,7/1/2024,$0.00,
4751889,5247,916,Orbital Sander,6/17/2024 6:30 PM,,7/1/2024,$0.00,
4751887,5247,934,Extension cord,6/17/2024 6:30 PM,,7/1/2024,$0.00,
4751890,5247,9063,"Power Sander, Palm Grip",6/17/2024 6:30 PM,,7/1/2024,$0.00,
4670535,4978,5004,Table,5/23/2024 6:33 PM,,6/6/2024,$0.00,Renewal
4396564,5488,832,Cordless Drill Set,2/24/2024 10:15 AM,,3/9/2024,$0.00,
4775166,5402,6393,Flower Press,6/24/2024 7:09 PM,,7/8/2024,$0.00,
4269423,5277,9362,DeWalt 18v Cordless Drill,12/27/2023 10:38 AM,,1/11/2024,$0.00,Renewal
4763195,4276,67005,Wool Ironing Mat,6/20/2024 7:26 PM,,7/4/2024,$0.00,Renewal
4763196,4276,4305,Iron,6/20/2024 7:26 PM,,7/4/2024,$0.00,Renewal
4775190,4276,67111,Rotary Cutter,6/24/2024 7:55 PM,,7/8/2024,$0.00,
4777699,5900,3871,Serge With Confidence,6/25/2024 2:07 PM,,7/9/2024,$0.00,Renewal
4777703,5900,7700,Serger,6/25/2024 2:08 PM,,7/9/2024,$0.00,Renewal
4726856,5886,9030,"Torx Screwdriver, T10, P-Handled",6/9/2024 6:39 PM,,6/23/2024,$0.00,
4769848,5230,4552,Cake Stand,6/22/2024 11:05 AM,,7/6/2024,$0.00,
4773209,4633,7614,Miter Saw,6/23/2024 6:49 PM,,7/7/2024,$0.00,
4773208,4633,6773,Dolly,6/23/2024 6:49 PM,,7/7/2024,$0.00,
4786228,4633,5637,Firebowl / Fire Pit,6/27/2024 8:27 PM,,7/11/2024,$0.00,
4786227,4633,7409,Camping Chairs,6/27/2024 8:27 PM,,7/11/2024,$0.00,
1980680,2588,7380,Power Sander,6/25/2020 4:04 PM,,8/1/2020,$0.00,Renewal
3615812,3858,7530,Reciprocating Saw,4/22/2023 11:43 AM,,4/29/2023,$0.00,Renewal
4758598,5942,9382,Portable Steamer,6/19/2024 7:45 PM,,7/3/2024,$0.00,
4778716,4455,9006,"30"" Bar Clamp",6/25/2024 7:46 PM,,7/9/2024,$0.00,
4778715,4455,900,"30"" Bar Clamp",6/25/2024 7:46 PM,,7/9/2024,$0.00,
4778713,4455,618,cut guide,6/25/2024 7:46 PM,,7/9/2024,$0.00,
4778714,4455,365,T-square,6/25/2024 7:46 PM,,7/9/2024,$0.00,
4782496,5489,841,Paint Mixer,6/26/2024 6:57 PM,,7/17/2024,$0.00,Renewal
4782495,5489,9161,Sanding block,6/26/2024 6:57 PM,,7/17/2024,$0.00,Renewal
4773192,3148,4272,Nut Driver,6/23/2024 6:41 PM,,7/7/2024,$0.00,
4773191,3148,535,Nut Driver,6/23/2024 6:41 PM,,7/7/2024,$0.00,
4773190,3148,4266,"Nut Driver, 7/32in",6/23/2024 6:41 PM,,7/7/2024,$0.00,
2167430,2676,6240,Stud Finder,11/29/2020 4:34 PM,,12/19/2020,$0.00,Renewal
3297580,4121,6801,Belt Sander,11/13/2022 6:40 PM,,11/20/2022,$0.00,
3297583,4121,4945,UV Desk Light,11/13/2022 6:40 PM,,11/20/2022,$0.00,
3297579,4121,6824,Handheld Pry Bar,11/13/2022 6:40 PM,,11/20/2022,$0.00,
3297582,4121,3966,"Tie Down, Ratchet",11/13/2022 6:40 PM,,11/20/2022,$0.00,
3297581,4121,8323,Ratchet Strap,11/13/2022 6:40 PM,,11/20/2022,$0.00,
3297584,4121,7472,Work Light,11/13/2022 6:40 PM,,11/20/2022,$0.00,
2167436,2809,6076,Torx Screwdriver,11/29/2020 4:34 PM,,12/19/2020,$0.00,Renewal
2167435,2809,5279,Box Cutter,11/29/2020 4:34 PM,,12/19/2020,$0.00,Renewal
2167438,2809,4276,Torque Amplifier,11/29/2020 4:34 PM,,12/19/2020,$0.00,Renewal
2167437,2809,4289,"Nut Driver, ?in",11/29/2020 4:34 PM,,12/19/2020,$0.00,Renewal
2167434,2809,549,"Nut Driver, ?in",11/29/2020 4:34 PM,,12/19/2020,$0.00,Renewal
4784561,5361,8840,"Round Shovel, Small",6/27/2024 12:34 PM,,7/14/2024,$0.00,Renewal
4784562,5361,7690,Garden Hoe,6/27/2024 12:34 PM,,7/14/2024,$0.00,Renewal
4773179,3592,9155,Allen wrench set,6/23/2024 6:22 PM,,7/7/2024,$0.00,
2446793,3238,372,Pitcher,7/20/2021 6:35 PM,,7/27/2021,$0.00,
4416043,5511,3952,Post Hole Digger,3/2/2024 12:08 PM,,3/16/2024,$0.00,
4682870,5835,720,Cordless Drill And Impact Set,5/27/2024 7:17 PM,,6/10/2024,$0.00,
4682869,5835,945,Twist drill set,5/27/2024 7:17 PM,,6/10/2024,$0.00,
4682868,5835,67058,Driver Bit Set,5/27/2024 7:17 PM,,6/10/2024,$0.00,
4600390,5728,8350,Wire Brush,5/2/2024 6:59 PM,,5/16/2024,$0.00,
4600388,5728,8970,Round Shovel,5/2/2024 6:59 PM,,5/16/2024,$0.00,
4600389,5728,9530,Torque Wrench,5/2/2024 6:59 PM,,5/16/2024,$0.00,
4763207,4631,6924,Hot Glue Gun,6/20/2024 7:28 PM,,7/4/2024,$0.00,
4763206,4631,67050,Electric Sander,6/20/2024 7:28 PM,,7/4/2024,$0.00,
2859432,3628,7936,Screen Print Supplies,4/25/2022 12:32 AM,,5/4/2022,$0.00,Renewal
2859433,3628,7935,Screen Print Frame,4/25/2022 12:33 AM,,5/4/2022,$0.00,Renewal
3782056,4331,7786,Chain Tool,6/21/2023 8:46 PM,,6/28/2023,$0.00,
2167446,2802,4922,Corded Drill,11/29/2020 4:34 PM,,12/19/2020,$0.00,Renewal
2167447,2802,436,"Socket Set, Metric and SAE",11/29/2020 4:34 PM,,12/19/2020,$0.00,Renewal
2167448,2802,4543,Stud Finder,11/29/2020 4:34 PM,,12/19/2020,$0.00,Renewal
2167452,2834,5114,Claw Hammer,11/29/2020 4:34 PM,,12/19/2020,$0.00,Renewal
2167450,2834,6483,Drill Bit Set,11/29/2020 4:34 PM,,12/19/2020,$0.00,Renewal
2167453,2834,6333,Needle Nose Pliers,11/29/2020 4:34 PM,,12/19/2020,$0.00,Renewal
2167451,2834,7422,Corded Drill,11/29/2020 4:34 PM,,12/19/2020,$0.00,Renewal
2167449,2834,3729,Iron,11/29/2020 4:34 PM,,12/19/2020,$0.00,Renewal
4746050,4613,8965,Weed Whacker,6/15/2024 10:10 AM,,6/29/2024,$0.00,
4746049,4613,66719,White standing circular fan,6/15/2024 10:10 AM,,6/29/2024,$0.00,
4782391,4613,5027,Ladder,6/26/2024 6:21 PM,,7/10/2024,$0.00,
4782392,4613,4778,"Manual Lawn Edger, Rotary",6/26/2024 6:21 PM,,7/10/2024,$0.00,
4782390,4613,8759,Garden Rake,6/26/2024 6:21 PM,,7/10/2024,$0.00,
2167454,759,6964,Orbital Buffer,11/29/2020 4:34 PM,,12/19/2020,$0.00,Renewal
2167455,759,412,Level,11/29/2020 4:34 PM,,12/19/2020,$0.00,Renewal
2167461,2811,7008,Claw Hammer,11/29/2020 4:34 PM,,12/19/2020,$0.00,Renewal
2167462,2811,4746,Square Shovel,11/29/2020 4:34 PM,,12/19/2020,$0.00,Renewal
2167463,2811,4843,Staple Gun,11/29/2020 4:34 PM,,12/19/2020,$0.00,Renewal
4381617,5468,4324,Cordless Drill,2/18/2024 5:48 PM,,3/3/2024,$0.00,
4381616,5468,8043,Hand Saw,2/18/2024 5:48 PM,,3/3/2024,$0.00,
3521648,4415,634,Circuit Breaker Finder,3/15/2023 8:46 PM,,3/22/2023,$0.00,
3521649,4415,506,Battery Charger BATT_C 18V,3/15/2023 8:46 PM,,3/22/2023,$0.00,
3521646,4415,3834,Inductive Timing Light,3/15/2023 8:46 PM,,3/22/2023,$0.00,
3521647,4415,6983,Inductive Timing Light,3/15/2023 8:46 PM,,3/22/2023,$0.00,
3529804,4415,302,Water Jug,3/19/2023 6:42 PM,,3/26/2023,$0.00,
4732296,5842,67070,Heated Tortilla Press,6/11/2024 6:21 PM,,6/26/2024,$0.00,Renewal
4732295,5842,7079,Tablecloths,6/11/2024 6:21 PM,,6/26/2024,$0.00,Renewal
4732294,5842,873,refuse bin set,6/11/2024 6:21 PM,,6/26/2024,$0.00,Renewal
4732293,5842,67067,Extension Cord,6/11/2024 6:21 PM,,6/26/2024,$0.00,Renewal
2167469,1767,5360,"Allen Wrench Set, Pocket",11/29/2020 4:34 PM,,12/19/2020,$0.00,Renewal
2216252,3027,5125,Cordless Impact Driver,1/23/2021 11:42 AM,,1/30/2021,$0.00,
3430960,4167,6828,Car Battery Charger,1/31/2023 8:33 PM,,2/7/2023,$0.00,
3430961,4167,7199,"Hack Saw, Small",1/31/2023 8:33 PM,,2/7/2023,$0.00,
4591967,4678,7676,Socket Wrench,4/30/2024 6:27 PM,,5/14/2024,$0.00,
4591966,4678,66985,Socket Wrench Extension,4/30/2024 6:27 PM,,5/14/2024,$0.00,
2167475,2956,5250,Chisel,11/29/2020 4:34 PM,,12/19/2020,$0.00,Renewal
2167474,2956,6395,Chisel,11/29/2020 4:34 PM,,12/19/2020,$0.00,Renewal
2167476,2956,7769,"Corded Drill, 3/8in",11/29/2020 4:34 PM,,12/19/2020,$0.00,Renewal
4663194,5543,66931,Pop Riveter (hand),5/21/2024 8:48 PM,,6/4/2024,$0.00,
4434720,5282,8857,Skilsaw Model 552,3/9/2024 11:59 AM,,3/23/2024,$0.00,
4434719,5282,957,soldering gun,3/9/2024 11:59 AM,,3/23/2024,$0.00,
4463901,5344,4851,Channel Lock Pliers,3/20/2024 6:29 PM,,4/3/2024,$0.00,
4452498,5445,7230,Crock Pot,3/16/2024 9:36 AM,,3/30/2024,$0.00,
2518597,3250,6811,Fishing Supplies,9/8/2021 7:33 PM,,9/15/2021,$0.00,
2518594,3250,6819,Fishing Pole,9/8/2021 7:33 PM,,9/15/2021,$0.00,
2518595,3250,5930,Needle Nose Pliers,9/8/2021 7:33 PM,,9/15/2021,$0.00,
2518596,3250,8275,Needle Nose Pliers,9/8/2021 7:33 PM,,9/15/2021,$0.00,
3989417,4992,143,Adjusable Wrench,9/9/2023 10:49 AM,,9/16/2023,$0.00,
3989420,4992,3923,Claw Hammer,9/9/2023 10:49 AM,,9/16/2023,$0.00,
3989418,4992,9441,electric screwdriver bit set,9/9/2023 10:49 AM,,9/16/2023,$0.00,
3989416,4992,1942,Prick Punch,9/9/2023 10:49 AM,,9/16/2023,$0.00,
3989419,4992,7602,Hand Saw,9/9/2023 10:49 AM,,9/16/2023,$0.00,
2699299,3478,7879,Helping Hand With Magnifying Glass,1/11/2022 7:42 PM,,1/18/2022,$0.00,Renewal
4434489,5533,4631,"Crow Bar, Pointed End",3/9/2024 11:30 AM,,3/23/2024,$0.00,
4434488,5533,66821,Dremel And Bit Set,3/9/2024 11:30 AM,,3/23/2024,$0.00,
4434490,5533,923,Reciprocating saw,3/9/2024 11:30 AM,,3/23/2024,$0.00,
4773136,5960,9258,Back Saw,6/23/2024 5:16 PM,,7/7/2024,$0.00,
4773135,5960,2090,Hack saw,6/23/2024 5:16 PM,,7/7/2024,$0.00,
4773138,5960,6644,Jigsaw,6/23/2024 5:17 PM,,7/7/2024,$0.00,
3342800,4125,7175,Chisel,12/6/2022 9:22 PM,,12/13/2022,$0.00,
3342799,4125,4991,Extension Cord,12/6/2022 9:22 PM,,12/13/2022,$0.00,
3342801,4125,7792,"Flat Screwdriver, Small",12/6/2022 9:22 PM,,12/13/2022,$0.00,
3342802,4125,8214,"Wood Chisel, Straight Edge, 1/4in",12/6/2022 9:22 PM,,12/13/2022,$0.00,
4654998,436,5155,Back Saw,5/18/2024 12:08 PM,,6/1/2024,$0.00,
4654997,436,8225,Linoleum/Carpet Knife,5/18/2024 12:08 PM,,6/1/2024,$0.00,
4654999,436,67027,Corded Drill,5/18/2024 12:08 PM,,6/1/2024,$0.00,
4074926,5080,7834,Angle Grinder,10/7/2023 10:14 AM,,10/14/2023,$0.00,
4074927,5080,5040,C-clamp,10/7/2023 10:14 AM,,10/14/2023,$0.00,
4074928,5080,6122,C-clamp,10/7/2023 10:14 AM,,10/14/2023,$0.00,
4074929,5080,6938,C-clamp,10/7/2023 10:14 AM,,10/14/2023,$0.00,
4074930,5080,7467,C-clamp,10/7/2023 10:14 AM,,10/14/2023,$0.00,
4074925,5080,4656,Pry Bar,10/7/2023 10:14 AM,,10/14/2023,$0.00,
4074923,5080,848,pry bar,10/7/2023 10:14 AM,,10/14/2023,$0.00,
4074922,5080,8411,Toolbag,10/7/2023 10:14 AM,,10/14/2023,$0.00,
4074924,5080,9162,Stud Finder,10/7/2023 10:14 AM,,10/14/2023,$0.00,
4749528,5861,4596,"Saw Horse, Folding",6/16/2024 6:28 PM,,7/3/2024,$0.00,Renewal
4749529,5861,7862,"Saw Horse, Folding",6/16/2024 6:28 PM,,7/3/2024,$0.00,Renewal
4749527,5861,1519,work table,6/16/2024 6:28 PM,,7/3/2024,$0.00,Renewal
4420429,5520,757,Pulaski Axe,3/4/2024 8:21 PM,,3/18/2024,$0.00,
4420431,5520,822,Torch,3/4/2024 8:21 PM,,3/18/2024,$0.00,
4420430,5520,4664,Tent,3/4/2024 8:21 PM,,3/18/2024,$0.00,
4420432,5520,921,18v battery 1.5Ah,3/4/2024 8:23 PM,,3/18/2024,$0.00,
4631710,5774,7261,Hard Hat,5/11/2024 1:00 PM,,5/25/2024,$0.00,
4769974,5240,66732,Circular Saw,6/22/2024 11:18 AM,,7/6/2024,$0.00,
3352505,4200,266,Welder,12/11/2022 6:25 PM,,12/31/2022,$0.00,
3352504,4200,6944,Welding Helmet,12/11/2022 6:25 PM,,12/31/2022,$0.00,
3286388,4140,7470,Flex LW1503 Compact 5-Inch Wet Polisher With Central Water Feed,11/8/2022 9:03 PM,,11/22/2022,$0.00,Renewal
3286386,4140,7385,Grinder,11/8/2022 9:03 PM,,11/22/2022,$0.00,Renewal
3742413,4401,216,Claw Hammer,6/6/2023 8:45 PM,,6/13/2023,$0.00,Renewal
3742415,4401,803,Bit set,6/6/2023 8:45 PM,,6/13/2023,$0.00,
3742416,4401,9194,Hole Saw,6/6/2023 8:45 PM,,6/13/2023,$0.00,
3742414,4401,4612,Corded Drill,6/6/2023 8:45 PM,,6/13/2023,$0.00,
3742412,4401,8266,Stud Finder,6/6/2023 8:45 PM,,6/13/2023,$0.00,Renewal
4778799,5856,5090,Car Ramp Set,6/25/2024 8:42 PM,,7/9/2024,$0.00,
4778798,5856,7159,"Combination Wrench, ?in",6/25/2024 8:42 PM,,7/9/2024,$0.00,
4778797,5856,9091,Wrench 16MM,6/25/2024 8:42 PM,,7/9/2024,$0.00,
3351019,4180,8242,Cordless Framing Nailer Set BATT_X,12/10/2022 12:07 PM,,12/17/2022,$0.00,Renewal
3351017,4180,8182,Electric Marker,12/10/2022 12:07 PM,,12/17/2022,$0.00,Renewal
3351016,4180,7393,Garden Hose Sprayer,12/10/2022 12:07 PM,,12/17/2022,$0.00,Renewal
3351015,4180,8391,Four Channel Powered Mixer,12/10/2022 12:07 PM,,12/17/2022,$0.00,
3351020,4180,8392,PA Speaker,12/10/2022 12:07 PM,,12/17/2022,$0.00,
3351021,4180,8393,PA Speaker,12/10/2022 12:07 PM,,12/17/2022,$0.00,
3352515,4180,7324,Bench Grinder,12/11/2022 6:40 PM,,12/31/2022,$0.00,
3356274,4180,8248,Cordless Blower BATT_X,12/13/2022 9:13 PM,,12/20/2022,$0.00,
3356273,4180,8949,Electronics Repair Kit,12/13/2022 9:13 PM,,12/20/2022,$0.00,
3356276,4180,633,Infrared Thermometer,12/13/2022 9:13 PM,,12/20/2022,$0.00,
3394074,4180,8378,Popcorn Machine,1/11/2023 8:27 PM,,1/18/2023,$0.00,
3394070,4180,495,Work Light,1/11/2023 8:27 PM,,1/18/2023,$0.00,
3394067,4180,9014,Grinder,1/11/2023 8:27 PM,,1/18/2023,$0.00,
3394072,4180,5485,Leaf Blower,1/11/2023 8:27 PM,,1/18/2023,$0.00,
3394077,4180,9015,Dewalt Battery 20V,1/11/2023 8:27 PM,,1/18/2023,$0.00,
3394078,4180,9016,Dewalt Battery 20V,1/11/2023 8:27 PM,,1/18/2023,$0.00,
3394065,4180,9017,Dewalt Battery 60V,1/11/2023 8:27 PM,,1/18/2023,$0.00,
3394066,4180,595,"Tubing Cutter, 1/8in to 1-1/18in",1/11/2023 8:27 PM,,1/18/2023,$0.00,
3413859,4180,9019,3D Printer,1/22/2023 6:20 PM,,1/29/2023,$0.00,
3413853,4180,7898,19V Laptop Charger,1/22/2023 6:20 PM,,1/29/2023,$0.00,
3413854,4180,7757,Garden Hose Sprayer,1/22/2023 6:20 PM,,1/29/2023,$0.00,
3413856,4180,320,Laminator,1/22/2023 6:20 PM,,1/29/2023,$0.00,
3413855,4180,7165,Hot Glue Gun,1/22/2023 6:20 PM,,1/29/2023,$0.00,
3413858,4180,8353,Jigsaw,1/22/2023 6:20 PM,,1/29/2023,$0.00,
3413857,4180,7313,Laser Level,1/22/2023 6:20 PM,,1/29/2023,$0.00,
3413866,4180,8766,Blu-ray Player,1/22/2023 6:35 PM,,1/29/2023,$0.00,
3417305,4180,7996,3D Printer,1/24/2023 7:34 PM,,1/31/2023,$0.00,
3417303,4180,7596,Work Light,1/24/2023 7:34 PM,,1/31/2023,$0.00,
3417304,4180,499,Work Light,1/24/2023 7:34 PM,,1/31/2023,$0.00,
3417301,4180,8176,Monitor,1/24/2023 7:34 PM,,1/31/2023,$0.00,
3417302,4180,7709,Multibit Screwdriver,1/24/2023 7:34 PM,,1/31/2023,$0.00,
3417300,4180,5666,Work Light,1/24/2023 7:34 PM,,1/31/2023,$0.00,
4778801,5409,9230,paint sprayer,6/25/2024 8:44 PM,,7/2/2024,$0.00,
2264876,3073,7407,Adjusable Wrench,3/13/2021 11:51 AM,,3/20/2021,$0.00,
2264878,3073,393,Claw Hammer,3/13/2021 11:51 AM,,3/20/2021,$0.00,
2264879,3073,5881,"Combination Wrench, 5/8in",3/13/2021 11:51 AM,,3/20/2021,$0.00,
2264877,3073,32,Pry Bar,3/13/2021 11:51 AM,,3/20/2021,$0.00,
2264875,3073,7178,Vise Grip,3/13/2021 11:51 AM,,3/20/2021,$0.00,
2264880,3073,7315,Work Gloves,3/13/2021 11:51 AM,,3/20/2021,$0.00,
4461062,5568,9341,staple gun,3/19/2024 8:55 PM,,4/2/2024,$0.00,
3763659,4708,7466,Screw Extractor Set,6/14/2023 9:07 PM,,6/21/2023,$0.00,
3763660,4708,8781,"6-Piece 8"" Wood Rasp Set",6/14/2023 9:07 PM,,6/21/2023,$0.00,
3763662,4708,440,Soldering Iron,6/14/2023 9:07 PM,,6/21/2023,$0.00,
3763663,4708,7945,Soldering Stand,6/14/2023 9:07 PM,,6/21/2023,$0.00,
3763664,4708,8168,"Soldering Iron, Large",6/14/2023 9:07 PM,,6/21/2023,$0.00,
3763661,4708,892,Automotive Test Kit,6/14/2023 9:07 PM,,6/21/2023,$0.00,
3763665,4708,7059,Spinner Wrench,6/14/2023 9:07 PM,,6/21/2023,$0.00,
4743633,3266,5546,Round Pointed Shovel,6/15/2024 12:14 AM,,7/1/2024,$0.00,Renewal
4770087,3266,7698,Garden Pitchfork,6/22/2024 11:29 AM,,7/6/2024,$0.00,Renewal
4770090,3266,8134,Lopper,6/22/2024 11:29 AM,,7/6/2024,$0.00,Renewal
4746970,4372,9303,craftsman screwdriver,6/15/2024 11:52 AM,,7/8/2024,$0.00,Renewal
4780252,4372,30009,Ryobi One+ Battery (4Ah),6/26/2024 10:08 AM,,7/13/2024,$0.00,Renewal
4780253,4372,930,Ryobi One+ Battery Charger,6/26/2024 10:08 AM,,7/13/2024,$0.00,Renewal
4780254,4372,1200,Corner level,6/26/2024 10:08 AM,,7/13/2024,$0.00,Renewal
4780255,4372,926,Cordless drill,6/26/2024 10:08 AM,,7/13/2024,$0.00,Renewal
4780258,4372,67053,Drill Bit Set,6/26/2024 10:08 AM,,7/13/2024,$0.00,Renewal
3742374,4677,248,Master Mind,6/6/2023 7:31 PM,,6/13/2023,$0.00,
3008000,3635,4637,Weed Wacker BATT_C 18V,7/3/2022 4:11 PM,,7/10/2022,$0.00,
3008001,3635,5539,Lawn Mower,7/3/2022 4:11 PM,,7/10/2022,$0.00,
3008002,3635,6796,Snow Shovel,7/3/2022 4:11 PM,,7/10/2022,$0.00,
3008003,3635,7773,Snow Shovel,7/3/2022 4:11 PM,,7/10/2022,$0.00,
3911050,4807,7366,Needle Nose Pliers,8/12/2023 1:16 AM,,8/19/2023,$0.00,Renewal
